Site ID,Site type (Marsh/mix),Sampling Event,Date,Distance from water's edge (m),Water Depth (cm),Crab Burrows (#),Littoraria (#),Wrack cover (%),Wrack thickness (cm),Debris cover (%),Avicennia Damage index,Avicennia pneumatophore height (cm),Avicennia germinans height (cm),Spartina alterniflora height (cm),Batis maritima height (cm),Sarcocornia spp height (cm),Schoenoplectus robustus height (cm),Monanthochloe littoralis height (cm),Lycium carolinianum  height (cm),Borrichia frutescens  height (cm),Distichlis spicata  height (cm),Suaeda linearis height (cm),Spartina patens height (cm),Strophostyles helvola height (cm),Iva frutescens height (cm),Avicennia pneumatophore CC (%),Avicennia germinans CC (%),Spartina alterniflora CC (%),Batis maritima CC (%),Sarcocornia spp CC (%),Schoenoplectus robustus CC (%),Monanthochloe littoralis CC (%),Lycium carolinianum CC (%),Borrichia frutescens CC (%),Distichlis spicata CC (%),Suaeda linearis CC (%),Spartina patens CC (%),Strophostyles helvola CC (%),Iva frutescens CC (%),Avicennia pneumatophore AC (%),Avicennia germinans AC (%),Spartina alterniflora AC (%),Batis maritima AC (%),Sarcocornia spp AC (%),Schoenoplectus robustus AC (%),Monanthochloe littoralis AC (%),Lycium carolinianum AC (%),Borrichia frutescens AC (%),Distichlis spicata AC (%),Suaeda linearis AC (%),Spartina patens AC (%),Strophostyles helvola AC (%),Iva frutescens AC (%),Notes
S1,Mix,Fall2012,9/24/12,0,6,0,0,ND,NA,ND,ND,ND,ND,ND,ND,ND,ND,ND,ND,ND,ND,ND,ND,ND,ND,ND,ND,ND,ND,ND,ND,ND,ND,ND,ND,ND,ND,ND,ND,ND,2,25,20,0,0,0,0,0,0,0,0,0,0,
S1,Mix,Fall2012,9/24/12,10,ND,10,0,ND,NA,ND,ND,ND,ND,ND,ND,ND,ND,ND,ND,ND,ND,ND,ND,ND,ND,ND,ND,ND,ND,ND,ND,ND,ND,ND,ND,ND,ND,ND,ND,ND,1,0,2,10,0,0,0,0,0,0,0,0,0,
S1,Mix,Fall2012,9/24/12,20,ND,5,0,ND,NA,ND,ND,ND,ND,ND,ND,ND,ND,ND,ND,ND,ND,ND,ND,ND,ND,ND,ND,ND,ND,ND,ND,ND,ND,ND,ND,ND,ND,ND,ND,ND,3,0,20,15,0,0,0,0,0,0,0,0,0,
S1,Mix,Fall2012,9/24/12,30,ND,0,0,ND,NA,ND,ND,ND,ND,ND,ND,ND,ND,ND,ND,ND,ND,ND,ND,ND,ND,ND,ND,ND,ND,ND,ND,ND,ND,ND,ND,ND,ND,ND,ND,ND,10,5,15,15,0,0,0,0,0,0,0,0,0,
S1,Mix,Fall2012,9/24/12,40,24,0,0,ND,NA,ND,ND,ND,ND,ND,ND,ND,ND,ND,ND,ND,ND,ND,ND,ND,ND,ND,ND,ND,ND,ND,ND,ND,ND,ND,ND,ND,ND,ND,ND,ND,10,1,3,0,0,0,0,0,0,0,0,0,0,
S1,Mix,Fall2012,9/24/12,50,ND,5,0,ND,NA,ND,ND,ND,ND,ND,ND,ND,ND,ND,ND,ND,ND,ND,ND,ND,ND,ND,ND,ND,ND,ND,ND,ND,ND,ND,ND,ND,ND,ND,ND,ND,30,0,1,1,0,0,0,0,0,0,0,0,0,
S1,Mix,Fall2012,9/24/12,60,ND,0,0,ND,NA,ND,ND,ND,ND,ND,ND,ND,ND,ND,ND,ND,ND,ND,ND,ND,ND,ND,ND,ND,ND,ND,ND,ND,ND,ND,ND,ND,ND,ND,ND,ND,20,0,10,0,0,0,0,0,0,0,0,0,0,
S1,Mix,Fall2012,9/24/12,70,4,1,0,ND,NA,ND,ND,ND,ND,ND,ND,ND,ND,ND,ND,ND,ND,ND,ND,ND,ND,ND,ND,ND,ND,ND,ND,ND,ND,ND,ND,ND,ND,ND,ND,ND,10,0,40,40,0,0,0,0,0,0,0,0,0,
S1,Mix,Fall2012,9/24/12,80,ND,0,0,ND,NA,ND,ND,ND,ND,ND,ND,ND,ND,ND,ND,ND,ND,ND,ND,ND,ND,ND,ND,ND,ND,ND,ND,ND,ND,ND,ND,ND,ND,ND,ND,ND,0,5,0,0,0,0,0,0,0,0,0,0,0,
S1,Mix,Fall2012,9/24/12,90,ND,0,0,ND,NA,ND,ND,ND,ND,ND,ND,ND,ND,ND,ND,ND,ND,ND,ND,ND,ND,ND,ND,ND,ND,ND,ND,ND,ND,ND,ND,ND,ND,ND,ND,ND,1,50,0,30,0,0,0,0,0,0,0,0,0,
S1,Mix,Fall2012,9/24/12,100,12,5,0,ND,NA,ND,ND,ND,ND,ND,ND,ND,ND,ND,ND,ND,ND,ND,ND,ND,ND,ND,ND,ND,ND,ND,ND,ND,ND,ND,ND,ND,ND,ND,ND,ND,10,5,50,5,0,0,0,0,0,0,0,0,0,
S1,Mix,Fall2012,9/24/12,110,ND,0,0,ND,NA,ND,ND,ND,ND,ND,ND,ND,ND,ND,ND,ND,ND,ND,ND,ND,ND,ND,ND,ND,ND,ND,ND,ND,ND,ND,ND,ND,ND,ND,ND,ND,0,0,0,0,0,0,0,0,0,0,0,0,0,
S1,Mix,Fall2012,9/24/12,120,ND,0,0,ND,NA,ND,ND,ND,ND,ND,ND,ND,ND,ND,ND,ND,ND,ND,ND,ND,ND,ND,ND,ND,ND,ND,ND,ND,ND,ND,ND,ND,ND,ND,ND,ND,50,0,25,0,0,0,0,0,0,0,0,0,0,
S1,Mix,Fall2012,9/24/12,130,3,5,10,ND,NA,ND,ND,ND,ND,ND,ND,ND,ND,ND,ND,ND,ND,ND,ND,ND,ND,ND,ND,ND,ND,ND,ND,ND,ND,ND,ND,ND,ND,ND,ND,ND,5,0,60,0,0,0,0,0,0,0,0,0,0,
S2,Mix,Fall2012,9/25/12,0,27,0,0,ND,NA,ND,ND,ND,ND,ND,ND,ND,ND,ND,ND,ND,ND,ND,ND,ND,ND,ND,ND,ND,ND,ND,ND,ND,ND,ND,ND,ND,ND,ND,ND,ND,80,1,0,0,0,0,0,0,0,0,0,0,0,
S2,Mix,Fall2012,9/25/12,10,ND,0,0,ND,NA,ND,ND,ND,ND,ND,ND,ND,ND,ND,ND,ND,ND,ND,ND,ND,ND,ND,ND,ND,ND,ND,ND,ND,ND,ND,ND,ND,ND,ND,ND,ND,90,0,0,0,0,0,0,0,0,0,0,0,0,
S2,Mix,Fall2012,9/25/12,20,11,0,0,ND,NA,ND,ND,ND,ND,ND,ND,ND,ND,ND,ND,ND,ND,ND,ND,ND,ND,ND,ND,ND,ND,ND,ND,ND,ND,ND,ND,ND,ND,ND,ND,ND,0,0,0,0,0,0,0,0,0,0,0,0,0,
S2,Mix,Fall2012,9/25/12,30,ND,0,0,ND,NA,ND,ND,ND,ND,ND,ND,ND,ND,ND,ND,ND,ND,ND,ND,ND,ND,ND,ND,ND,ND,ND,ND,ND,ND,ND,ND,ND,ND,ND,ND,ND,25,5,3,0,0,0,0,0,0,0,0,0,0,
S2,Mix,Fall2012,9/25/12,40,11,0,0,ND,NA,ND,ND,ND,ND,ND,ND,ND,ND,ND,ND,ND,ND,ND,ND,ND,ND,ND,ND,ND,ND,ND,ND,ND,ND,ND,ND,ND,ND,ND,ND,ND,10,25,5,0,0,0,0,0,0,0,0,0,0,
S2,Mix,Fall2012,9/25/12,50,3,0,0,ND,NA,ND,ND,ND,ND,ND,ND,ND,ND,ND,ND,ND,ND,ND,ND,ND,ND,ND,ND,ND,ND,ND,ND,ND,ND,ND,ND,ND,ND,ND,ND,ND,15,30,0,0,0,0,0,0,0,0,0,0,0,
S2,Mix,Fall2012,9/25/12,60,ND,0,0,ND,NA,ND,ND,ND,ND,ND,ND,ND,ND,ND,ND,ND,ND,ND,ND,ND,ND,ND,ND,ND,ND,ND,ND,ND,ND,ND,ND,ND,ND,ND,ND,ND,10,15,0,0,0,0,0,0,0,0,0,0,0,
S2,Mix,Fall2012,9/25/12,70,0,0,0,ND,NA,ND,ND,ND,ND,ND,ND,ND,ND,ND,ND,ND,ND,ND,ND,ND,ND,ND,ND,ND,ND,ND,ND,ND,ND,ND,ND,ND,ND,ND,ND,ND,0,0,40,0,0,0,0,0,0,0,0,0,0,
S3,Mix,Fall2012,9/25/12,0,22,0,0,ND,NA,ND,ND,ND,ND,ND,ND,ND,ND,ND,ND,ND,ND,ND,ND,ND,ND,ND,ND,ND,ND,ND,ND,ND,ND,ND,ND,ND,ND,ND,ND,ND,85,1,0,1,0,0,0,0,0,0,0,0,0,
S3,Mix,Fall2012,9/25/12,10,ND,0,0,ND,NA,ND,ND,ND,ND,ND,ND,ND,ND,ND,ND,ND,ND,ND,ND,ND,ND,ND,ND,ND,ND,ND,ND,ND,ND,ND,ND,ND,ND,ND,ND,ND,100,0,0,0,0,0,0,0,0,0,0,0,0,
S3,Mix,Fall2012,9/25/12,20,27,0,0,ND,NA,ND,ND,ND,ND,ND,ND,ND,ND,ND,ND,ND,ND,ND,ND,ND,ND,ND,ND,ND,ND,ND,ND,ND,ND,ND,ND,ND,ND,ND,ND,ND,0,0,0,0,0,0,0,0,0,0,0,0,0,
S3,Mix,Fall2012,9/25/12,30,ND,0,0,ND,NA,ND,ND,ND,ND,ND,ND,ND,ND,ND,ND,ND,ND,ND,ND,ND,ND,ND,ND,ND,ND,ND,ND,ND,ND,ND,ND,ND,ND,ND,ND,ND,95,0,0,0,0,0,0,0,0,0,0,0,0,
S3,Mix,Fall2012,9/25/12,40,ND,0,0,ND,NA,ND,ND,ND,ND,ND,ND,ND,ND,ND,ND,ND,ND,ND,ND,ND,ND,ND,ND,ND,ND,ND,ND,ND,ND,ND,ND,ND,ND,ND,ND,ND,20,60,0,0,0,0,0,0,0,0,0,0,0,
S3,Mix,Fall2012,9/25/12,50,23,0,0,ND,NA,ND,ND,ND,ND,ND,ND,ND,ND,ND,ND,ND,ND,ND,ND,ND,ND,ND,ND,ND,ND,ND,ND,ND,ND,ND,ND,ND,ND,ND,ND,ND,50,5,0,0,0,0,0,0,0,0,0,0,0,
S3,Mix,Fall2012,9/25/12,60,ND,0,0,ND,NA,ND,ND,ND,ND,ND,ND,ND,ND,ND,ND,ND,ND,ND,ND,ND,ND,ND,ND,ND,ND,ND,ND,ND,ND,ND,ND,ND,ND,ND,ND,ND,40,3,0,0,0,0,0,0,0,0,0,0,0,
S3,Mix,Fall2012,9/25/12,70,ND,0,0,ND,NA,ND,ND,ND,ND,ND,ND,ND,ND,ND,ND,ND,ND,ND,ND,ND,ND,ND,ND,ND,ND,ND,ND,ND,ND,ND,ND,ND,ND,ND,ND,ND,2,3,0,0,0,0,0,0,0,0,0,0,0,
S3,Mix,Fall2012,9/25/12,80,20,0,0,ND,NA,ND,ND,ND,ND,ND,ND,ND,ND,ND,ND,ND,ND,ND,ND,ND,ND,ND,ND,ND,ND,ND,ND,ND,ND,ND,ND,ND,ND,ND,ND,ND,35,5,0,0,0,0,0,0,0,0,0,0,0,
S3,Mix,Fall2012,9/25/12,90,ND,0,0,ND,NA,ND,ND,ND,ND,ND,ND,ND,ND,ND,ND,ND,ND,ND,ND,ND,ND,ND,ND,ND,ND,ND,ND,ND,ND,ND,ND,ND,ND,ND,ND,ND,0,0,0,0,0,0,0,0,0,0,0,0,0,
S3,Mix,Fall2012,9/25/12,100,ND,20,0,ND,NA,ND,ND,ND,ND,ND,ND,ND,ND,ND,ND,ND,ND,ND,ND,ND,ND,ND,ND,ND,ND,ND,ND,ND,ND,ND,ND,ND,ND,ND,ND,ND,65,2,20,3,0,0,0,0,0,0,0,0,0,
S3,Mix,Fall2012,9/25/12,110,0,20,0,ND,NA,ND,ND,ND,ND,ND,ND,ND,ND,ND,ND,ND,ND,ND,ND,ND,ND,ND,ND,ND,ND,ND,ND,ND,ND,ND,ND,ND,ND,ND,ND,ND,0,0,0,0,0,15,0,0,0,0,0,0,0,
S4,Mix,Fall2012,9/25/12,0,10,0,0,ND,NA,ND,ND,ND,ND,ND,ND,ND,ND,ND,ND,ND,ND,ND,ND,ND,ND,ND,ND,ND,ND,ND,ND,ND,ND,ND,ND,ND,ND,ND,ND,ND,70,5,5,5,0,0,0,0,0,0,0,0,0,
S4,Mix,Fall2012,9/25/12,10,ND,0,0,ND,NA,ND,ND,ND,ND,ND,ND,ND,ND,ND,ND,ND,ND,ND,ND,ND,ND,ND,ND,ND,ND,ND,ND,ND,ND,ND,ND,ND,ND,ND,ND,ND,0,0,0,0,0,0,0,0,0,0,0,0,0,
S4,Mix,Fall2012,9/25/12,20,12,0,0,ND,NA,ND,ND,ND,ND,ND,ND,ND,ND,ND,ND,ND,ND,ND,ND,ND,ND,ND,ND,ND,ND,ND,ND,ND,ND,ND,ND,ND,ND,ND,ND,ND,100,0,0,0,0,0,0,0,0,0,0,0,0,
S4,Mix,Fall2012,9/25/12,30,ND,0,0,ND,NA,ND,ND,ND,ND,ND,ND,ND,ND,ND,ND,ND,ND,ND,ND,ND,ND,ND,ND,ND,ND,ND,ND,ND,ND,ND,ND,ND,ND,ND,ND,ND,20,2,0,0,0,0,0,0,0,0,0,0,0,
S4,Mix,Fall2012,9/25/12,40,10,0,0,ND,NA,ND,ND,ND,ND,ND,ND,ND,ND,ND,ND,ND,ND,ND,ND,ND,ND,ND,ND,ND,ND,ND,ND,ND,ND,ND,ND,ND,ND,ND,ND,ND,60,2,0,0,0,0,0,0,0,0,0,0,0,
S4,Mix,Fall2012,9/25/12,50,10,0,0,ND,NA,ND,ND,ND,ND,ND,ND,ND,ND,ND,ND,ND,ND,ND,ND,ND,ND,ND,ND,ND,ND,ND,ND,ND,ND,ND,ND,ND,ND,ND,ND,ND,80,0,0,0,0,0,0,0,0,0,0,0,0,
S4,Mix,Fall2012,9/25/12,60,ND,0,0,ND,NA,ND,ND,ND,ND,ND,ND,ND,ND,ND,ND,ND,ND,ND,ND,ND,ND,ND,ND,ND,ND,ND,ND,ND,ND,ND,ND,ND,ND,ND,ND,ND,5,0,0,0,0,0,0,0,0,0,0,0,0,
S4,Mix,Fall2012,9/25/12,70,0,10,0,ND,NA,ND,ND,ND,ND,ND,ND,ND,ND,ND,ND,ND,ND,ND,ND,ND,ND,ND,ND,ND,ND,ND,ND,ND,ND,ND,ND,ND,ND,ND,ND,ND,30,0,20,0,0,0,0,0,0,0,0,0,0,
S5,Marsh,Fall2012,9/27/12,0,11,0,0,ND,NA,ND,ND,ND,ND,ND,ND,ND,ND,ND,ND,ND,ND,ND,ND,ND,ND,ND,ND,ND,ND,ND,ND,ND,ND,ND,ND,ND,ND,ND,ND,ND,0,20,0,0,0,0,0,0,0,0,0,0,0,
S5,Marsh,Fall2012,9/27/12,10,ND,0,0,ND,NA,ND,ND,ND,ND,ND,ND,ND,ND,ND,ND,ND,ND,ND,ND,ND,ND,ND,ND,ND,ND,ND,ND,ND,ND,ND,ND,ND,ND,ND,ND,ND,0,15,0,20,0,0,0,0,0,0,0,0,0,
S5,Marsh,Fall2012,9/27/12,20,ND,0,0,ND,NA,ND,ND,ND,ND,ND,ND,ND,ND,ND,ND,ND,ND,ND,ND,ND,ND,ND,ND,ND,ND,ND,ND,ND,ND,ND,ND,ND,ND,ND,ND,ND,0,30,0,30,0,0,0,0,0,0,0,0,0,
S5,Marsh,Fall2012,9/27/12,30,3,0,0,ND,NA,ND,ND,ND,ND,ND,ND,ND,ND,ND,ND,ND,ND,ND,ND,ND,ND,ND,ND,ND,ND,ND,ND,ND,ND,ND,ND,ND,ND,ND,ND,ND,0,10,0,80,0,0,0,0,0,0,0,0,0,
S5,Marsh,Fall2012,9/27/12,40,ND,0,0,ND,NA,ND,ND,ND,ND,ND,ND,ND,ND,ND,ND,ND,ND,ND,ND,ND,ND,ND,ND,ND,ND,ND,ND,ND,ND,ND,ND,ND,ND,ND,ND,ND,0,5,0,90,0,0,0,0,0,0,0,0,0,
S5,Marsh,Fall2012,9/27/12,50,10,0,0,ND,NA,ND,ND,ND,ND,ND,ND,ND,ND,ND,ND,ND,ND,ND,ND,ND,ND,ND,ND,ND,ND,ND,ND,ND,ND,ND,ND,ND,ND,ND,ND,ND,0,40,0,0,0,0,0,0,0,0,0,0,0,
S5,Marsh,Fall2012,9/27/12,60,ND,0,0,ND,NA,ND,ND,ND,ND,ND,ND,ND,ND,ND,ND,ND,ND,ND,ND,ND,ND,ND,ND,ND,ND,ND,ND,ND,ND,ND,ND,ND,ND,ND,ND,ND,0,10,0,60,0,0,0,0,0,0,0,0,0,
S5,Marsh,Fall2012,9/27/12,70,ND,0,0,ND,NA,ND,ND,ND,ND,ND,ND,ND,ND,ND,ND,ND,ND,ND,ND,ND,ND,ND,ND,ND,ND,ND,ND,ND,ND,ND,ND,ND,ND,ND,ND,ND,0,0,5,95,0,0,0,0,0,0,0,0,0,
S5,Marsh,Fall2012,9/27/12,80,4,10,0,ND,NA,ND,ND,ND,ND,ND,ND,ND,ND,ND,ND,ND,ND,ND,ND,ND,ND,ND,ND,ND,ND,ND,ND,ND,ND,ND,ND,ND,ND,ND,ND,ND,0,0,0,95,0,0,0,0,0,0,0,0,0,
S5,Marsh,Fall2012,9/27/12,90,ND,10,0,ND,NA,ND,ND,ND,ND,ND,ND,ND,ND,ND,ND,ND,ND,ND,ND,ND,ND,ND,ND,ND,ND,ND,ND,ND,ND,ND,ND,ND,ND,ND,ND,ND,0,0,30,70,0,0,0,0,0,0,0,0,0,
S5,Marsh,Fall2012,9/27/12,95,ND,0,0,ND,NA,ND,ND,ND,ND,ND,ND,ND,ND,ND,ND,ND,ND,ND,ND,ND,ND,ND,ND,ND,ND,ND,ND,ND,ND,ND,ND,ND,ND,ND,ND,ND,0,0,85,10,0,0,0,2,0,0,0,0,0,
S5,Marsh,Fall2012,9/27/12,100,0,0,0,ND,NA,ND,ND,ND,ND,ND,ND,ND,ND,ND,ND,ND,ND,ND,ND,ND,ND,ND,ND,ND,ND,ND,ND,ND,ND,ND,ND,ND,ND,ND,ND,ND,0,0,15,0,0,0,0,0,15,0,0,0,10,
S6,Marsh,Fall2012,9/27/12,0,28,0,0,ND,NA,ND,ND,ND,ND,ND,ND,ND,ND,ND,ND,ND,ND,ND,ND,ND,ND,ND,ND,ND,ND,ND,ND,ND,ND,ND,ND,ND,ND,ND,ND,ND,0,10,0,0,0,0,0,0,0,0,0,0,0,
S6,Marsh,Fall2012,9/27/12,10,ND,0,0,ND,NA,ND,ND,ND,ND,ND,ND,ND,ND,ND,ND,ND,ND,ND,ND,ND,ND,ND,ND,ND,ND,ND,ND,ND,ND,ND,ND,ND,ND,ND,ND,ND,0,3,0,75,0,0,0,0,0,0,0,0,0,
S6,Marsh,Fall2012,9/27/12,20,11,0,0,ND,NA,ND,ND,ND,ND,ND,ND,ND,ND,ND,ND,ND,ND,ND,ND,ND,ND,ND,ND,ND,ND,ND,ND,ND,ND,ND,ND,ND,ND,ND,ND,ND,0,25,0,2,0,0,0,0,0,0,0,0,0,
S6,Marsh,Fall2012,9/27/12,30,5,0,0,ND,NA,ND,ND,ND,ND,ND,ND,ND,ND,ND,ND,ND,ND,ND,ND,ND,ND,ND,ND,ND,ND,ND,ND,ND,ND,ND,ND,ND,ND,ND,ND,ND,0,0,0,0,0,0,0,0,90,0,0,0,0,
S6,Marsh,Fall2012,9/27/12,40,ND,0,0,ND,NA,ND,ND,ND,ND,ND,ND,ND,ND,ND,ND,ND,ND,ND,ND,ND,ND,ND,ND,ND,ND,ND,ND,ND,ND,ND,ND,ND,ND,ND,ND,ND,0,0,80,10,0,0,0,0,0,0,0,0,0,
S6,Marsh,Fall2012,9/27/12,50,5,0,0,ND,NA,ND,ND,ND,ND,ND,ND,ND,ND,ND,ND,ND,ND,ND,ND,ND,ND,ND,ND,ND,ND,ND,ND,ND,ND,ND,ND,ND,ND,ND,ND,ND,0,0,65,35,0,1,0,0,0,0,0,0,0,
S6,Marsh,Fall2012,9/27/12,60,0,0,0,ND,NA,ND,ND,ND,ND,ND,ND,ND,ND,ND,ND,ND,ND,ND,ND,ND,ND,ND,ND,ND,ND,ND,ND,ND,ND,ND,ND,ND,ND,ND,ND,ND,0,0,10,5,0,70,0,0,0,0,0,0,0,
S7,Marsh,Fall2012,9/28/12,0,5,0,0,ND,NA,ND,ND,ND,ND,ND,ND,ND,ND,ND,ND,ND,ND,ND,ND,ND,ND,ND,ND,ND,ND,ND,ND,ND,ND,ND,ND,ND,ND,ND,ND,ND,0,75,0,0,0,0,0,0,0,0,0,0,0,
S7,Marsh,Fall2012,9/28/12,10,ND,0,0,ND,NA,ND,ND,ND,ND,ND,ND,ND,ND,ND,ND,ND,ND,ND,ND,ND,ND,ND,ND,ND,ND,ND,ND,ND,ND,ND,ND,ND,ND,ND,ND,ND,0,2,0,95,0,0,0,0,0,0,0,0,0,
S7,Marsh,Fall2012,9/28/12,20,9,0,0,ND,NA,ND,ND,ND,ND,ND,ND,ND,ND,ND,ND,ND,ND,ND,ND,ND,ND,ND,ND,ND,ND,ND,ND,ND,ND,ND,ND,ND,ND,ND,ND,ND,0,65,10,0,0,0,0,0,0,0,0,0,0,
S7,Marsh,Fall2012,9/28/12,30,7,0,0,ND,NA,ND,ND,ND,ND,ND,ND,ND,ND,ND,ND,ND,ND,ND,ND,ND,ND,ND,ND,ND,ND,ND,ND,ND,ND,ND,ND,ND,ND,ND,ND,ND,0,5,0,0,0,0,0,0,20,0,0,0,0,
S7,Marsh,Fall2012,9/28/12,40,ND,0,0,ND,NA,ND,ND,ND,ND,ND,ND,ND,ND,ND,ND,ND,ND,ND,ND,ND,ND,ND,ND,ND,ND,ND,ND,ND,ND,ND,ND,ND,ND,ND,ND,ND,0,0,0,0,0,0,0,0,50,0,0,0,0,
S7,Marsh,Fall2012,9/28/12,50,6,0,0,ND,NA,ND,ND,ND,ND,ND,ND,ND,ND,ND,ND,ND,ND,ND,ND,ND,ND,ND,ND,ND,ND,ND,ND,ND,ND,ND,ND,ND,ND,ND,ND,ND,0,0,0,0,0,0,0,0,10,0,0,0,0,
S7,Marsh,Fall2012,9/28/12,60,ND,0,0,ND,NA,ND,ND,ND,ND,ND,ND,ND,ND,ND,ND,ND,ND,ND,ND,ND,ND,ND,ND,ND,ND,ND,ND,ND,ND,ND,ND,ND,ND,ND,ND,ND,0,0,10,5,0,0,0,0,60,0,0,0,0,
S7,Marsh,Fall2012,9/28/12,70,0,0,0,ND,NA,ND,ND,ND,ND,ND,ND,ND,ND,ND,ND,ND,ND,ND,ND,ND,ND,ND,ND,ND,ND,ND,ND,ND,ND,ND,ND,ND,ND,ND,ND,ND,0,0,30,10,0,1,0,0,5,1,0,0,0,
S1,Mix,Fall2013,10/12/13,0,22,ND,1,ND,NA,ND,ND,24,61,52.5,30,46.5,NA,NA,NA,NA,NA,NA,NA,NA,NA,ND,ND,ND,ND,ND,ND,ND,ND,ND,ND,ND,ND,ND,ND,ND,10,2,10,50,0,0,0,0,0,0,0,0,0,
S1,Mix,Fall2013,10/12/13,10,22,0,0,ND,NA,ND,ND,24,NA,NA,22,26,NA,NA,NA,NA,NA,NA,NA,NA,NA,ND,ND,ND,ND,ND,ND,ND,ND,ND,ND,ND,ND,ND,ND,ND,0,0,20,3,0,0,0,0,0,0,0,0,0,
S1,Mix,Fall2013,10/12/13,20,21,ND,0,ND,NA,ND,ND,33,52,NA,30,34,NA,NA,NA,NA,NA,NA,NA,NA,NA,ND,ND,ND,ND,ND,ND,ND,ND,ND,ND,ND,ND,ND,ND,ND,15,0,20,5,0,0,0,0,0,0,0,0,0,
S1,Mix,Fall2013,10/12/13,30,22,ND,0,ND,NA,ND,ND,36,74.5,NA,30,40.5,NA,NA,NA,NA,NA,NA,NA,NA,NA,ND,ND,ND,ND,ND,ND,ND,ND,ND,ND,ND,ND,ND,ND,ND,40,0,30,15,0,0,0,0,0,0,0,0,0,
S1,Mix,Fall2013,10/12/13,40,22,ND,0,ND,NA,ND,ND,41,63,NA,36,NA,NA,NA,NA,NA,NA,NA,NA,NA,NA,ND,ND,ND,ND,ND,ND,ND,ND,ND,ND,ND,ND,ND,ND,ND,50,0,30,0,0,0,0,0,0,0,0,0,0,
S1,Mix,Fall2013,10/12/13,50,23,ND,0,ND,NA,ND,ND,23.5,75,49,24.5,32.5,NA,NA,NA,NA,NA,NA,NA,NA,NA,ND,ND,ND,ND,ND,ND,ND,ND,ND,ND,ND,ND,ND,ND,ND,25,1,60,1,0,0,0,0,0,0,0,0,0,
S1,Mix,Fall2013,10/12/13,60,22,ND,0,ND,NA,ND,ND,40,27,NA,25,NA,NA,NA,NA,NA,NA,NA,NA,NA,NA,ND,ND,ND,ND,ND,ND,ND,ND,ND,ND,ND,ND,ND,ND,ND,10,0,40,0,0,0,0,0,0,0,0,0,0,
S1,Mix,Fall2013,10/12/13,70,22,ND,0,ND,NA,ND,ND,27,58,56.5,32.5,33,NA,NA,NA,NA,NA,NA,NA,NA,NA,ND,ND,ND,ND,ND,ND,ND,ND,ND,ND,ND,ND,ND,ND,ND,25,1,10,60,0,0,0,0,0,0,0,0,0,
S1,Mix,Fall2013,10/12/13,80,35,ND,0,ND,NA,ND,ND,NA,NA,51.5,NA,NA,NA,NA,NA,NA,NA,NA,NA,NA,NA,ND,ND,ND,ND,ND,ND,ND,ND,ND,ND,ND,ND,ND,ND,ND,0,1,0,0,0,0,0,0,0,0,0,0,0,
S1,Mix,Fall2013,10/12/13,90,23,ND,0,ND,NA,ND,ND,19,51,60,27,NA,NA,NA,NA,NA,NA,NA,NA,NA,NA,ND,ND,ND,ND,ND,ND,ND,ND,ND,ND,ND,ND,ND,ND,ND,5,40,2,0,0,0,0,0,0,0,0,0,0,
S1,Mix,Fall2013,10/12/13,100,21,ND,0,ND,NA,ND,ND,24.5,88.5,NA,33,47,NA,NA,NA,NA,NA,NA,NA,NA,NA,ND,ND,ND,ND,ND,ND,ND,ND,ND,ND,ND,ND,ND,ND,ND,50,0,20,15,0,0,0,0,0,0,0,0,0,
S1,Mix,Fall2013,10/12/13,110,32,ND,0,ND,NA,ND,ND,NA,NA,NA,NA,NA,NA,NA,NA,NA,NA,NA,NA,NA,NA,ND,ND,ND,ND,ND,ND,ND,ND,ND,ND,ND,ND,ND,ND,ND,0,0,0,0,0,0,0,0,0,0,0,0,0,
S1,Mix,Fall2013,10/12/13,120,22,ND,0,ND,NA,ND,ND,31,27.5,NA,31,NA,NA,NA,NA,NA,NA,NA,NA,NA,NA,ND,ND,ND,ND,ND,ND,ND,ND,ND,ND,ND,ND,ND,ND,ND,2,0,95,0,0,0,0,0,0,0,0,0,0,
S1,Mix,Fall2013,10/12/13,130,22,ND,0,ND,NA,ND,ND,23,25,NA,36,NA,NA,NA,NA,NA,NA,NA,NA,NA,NA,ND,ND,ND,ND,ND,ND,ND,ND,ND,ND,ND,ND,ND,ND,ND,2,0,40,0,0,0,0,0,0,0,0,0,0,
S2,Mix,Fall2013,10/12/13,0,30,ND,0,ND,NA,ND,ND,60,107,82.5,NA,NA,NA,NA,NA,NA,NA,NA,NA,NA,NA,ND,ND,ND,ND,ND,ND,ND,ND,ND,ND,ND,ND,ND,ND,ND,80,1,0,0,0,0,0,0,0,0,0,0,0,
S2,Mix,Fall2013,10/12/13,10,16,ND,0,ND,NA,ND,ND,50,131.5,NA,NA,NA,NA,NA,NA,NA,NA,NA,NA,NA,NA,ND,ND,ND,ND,ND,ND,ND,ND,ND,ND,ND,ND,ND,ND,ND,100,0,0,0,0,0,0,0,0,0,0,0,0,
S2,Mix,Fall2013,10/12/13,20,24,ND,1,ND,NA,ND,ND,56.5,90,94.5,NA,NA,NA,NA,NA,NA,NA,NA,NA,NA,NA,ND,ND,ND,ND,ND,ND,ND,ND,ND,ND,ND,ND,ND,ND,ND,50,1,0,0,0,0,0,0,0,0,0,0,0,
S2,Mix,Fall2013,10/12/13,30,20,ND,0,ND,NA,ND,ND,38,74,97.5,NA,NA,NA,NA,NA,NA,NA,NA,NA,NA,NA,ND,ND,ND,ND,ND,ND,ND,ND,ND,ND,ND,ND,ND,ND,ND,60,1,0,0,0,0,0,0,0,0,0,0,0,
S2,Mix,Fall2013,10/12/13,40,17,ND,0,ND,NA,ND,ND,42,86.5,85.5,29,NA,NA,NA,NA,NA,NA,NA,NA,NA,NA,ND,ND,ND,ND,ND,ND,ND,ND,ND,ND,ND,ND,ND,ND,ND,50,10,2,0,0,0,0,0,0,0,0,0,0,
S2,Mix,Fall2013,10/12/13,50,22,ND,0,ND,NA,ND,ND,47,75.5,57,41.5,39.5,NA,NA,NA,NA,NA,NA,NA,NA,NA,ND,ND,ND,ND,ND,ND,ND,ND,ND,ND,ND,ND,ND,ND,ND,40,1,3,3,0,0,0,0,0,0,0,0,0,
S2,Mix,Fall2013,10/12/13,60,16,ND,0,ND,NA,ND,ND,22.5,61,45,NA,NA,NA,NA,NA,NA,NA,NA,NA,NA,NA,ND,ND,ND,ND,ND,ND,ND,ND,ND,ND,ND,ND,ND,ND,ND,25,20,0,0,0,0,0,0,0,0,0,0,0,
S2,Mix,Fall2013,10/12/13,70,7,10,0,ND,NA,ND,ND,NA,NA,NA,17,NA,NA,NA,NA,NA,NA,NA,NA,NA,NA,ND,ND,ND,ND,ND,ND,ND,ND,ND,ND,ND,ND,ND,ND,ND,0,0,60,0,0,0,0,0,0,0,0,0,0,
S3,Mix,Fall2013,10/12/13,0,29,ND,0,ND,NA,ND,ND,49,112,NA,NA,NA,NA,NA,NA,NA,NA,NA,NA,NA,NA,ND,ND,ND,ND,ND,ND,ND,ND,ND,ND,ND,ND,ND,ND,ND,65,0,0,0,0,0,0,0,0,0,0,0,0,
S3,Mix,Fall2013,10/12/13,10,10,ND,0,ND,NA,ND,ND,48,107,NA,NA,NA,NA,NA,NA,NA,NA,NA,NA,NA,NA,ND,ND,ND,ND,ND,ND,ND,ND,ND,ND,ND,ND,ND,ND,ND,90,0,0,0,0,0,0,0,0,0,0,0,0,
S3,Mix,Fall2013,10/12/13,20,30,0,0,ND,NA,ND,ND,12,NA,NA,NA,NA,NA,NA,NA,NA,NA,NA,NA,NA,NA,ND,ND,ND,ND,ND,ND,ND,ND,ND,ND,ND,ND,ND,ND,ND,0,0,0,0,0,0,0,0,0,0,0,0,0,
S3,Mix,Fall2013,10/12/13,30,10,ND,0,ND,NA,ND,ND,54.5,119,82.5,NA,NA,NA,NA,NA,NA,NA,NA,NA,NA,NA,ND,ND,ND,ND,ND,ND,ND,ND,ND,ND,ND,ND,ND,ND,ND,95,1,0,0,0,0,0,0,0,0,0,0,0,
S3,Mix,Fall2013,10/12/13,40,23,ND,0,ND,NA,ND,ND,54,71,67,NA,NA,NA,NA,NA,NA,NA,NA,NA,NA,NA,ND,ND,ND,ND,ND,ND,ND,ND,ND,ND,ND,ND,ND,ND,ND,20,2,0,0,0,0,0,0,0,0,0,0,0,
S3,Mix,Fall2013,10/12/13,50,23,ND,0,ND,NA,ND,ND,48,NA,NA,NA,NA,NA,NA,NA,NA,NA,NA,NA,NA,NA,ND,ND,ND,ND,ND,ND,ND,ND,ND,ND,ND,ND,ND,ND,ND,0,0,0,0,0,0,0,0,0,0,0,0,0,
S3,Mix,Fall2013,10/12/13,60,11,0,0,ND,NA,ND,ND,39.5,50.5,45,NA,NA,NA,NA,NA,NA,NA,NA,NA,NA,NA,ND,ND,ND,ND,ND,ND,ND,ND,ND,ND,ND,ND,ND,ND,ND,5,2,0,0,0,0,0,0,0,0,0,0,0,
S3,Mix,Fall2013,10/12/13,70,10,0,0,ND,NA,ND,ND,17.5,NA,45.5,NA,NA,NA,NA,NA,NA,NA,NA,NA,NA,NA,ND,ND,ND,ND,ND,ND,ND,ND,ND,ND,ND,ND,ND,ND,ND,0,2,0,0,0,0,0,0,0,0,0,0,0,
S3,Mix,Fall2013,10/12/13,80,23,0,0,ND,NA,ND,ND,33.5,51.5,58,NA,NA,NA,NA,NA,NA,NA,NA,NA,NA,NA,ND,ND,ND,ND,ND,ND,ND,ND,ND,ND,ND,ND,ND,ND,ND,5,2,0,0,0,0,0,0,0,0,0,0,0,
S3,Mix,Fall2013,10/12/13,90,9,0,0,ND,NA,ND,ND,56.5,75,62,NA,NA,NA,NA,NA,NA,NA,NA,NA,NA,NA,ND,ND,ND,ND,ND,ND,ND,ND,ND,ND,ND,ND,ND,ND,ND,50,2,0,0,0,0,0,0,0,0,0,0,0,
S3,Mix,Fall2013,10/12/13,100,0,30,0,ND,NA,ND,ND,NA,NA,NA,13.5,NA,NA,NA,NA,NA,NA,NA,NA,NA,NA,ND,ND,ND,ND,ND,ND,ND,ND,ND,ND,ND,ND,ND,ND,ND,2,0,75,0,0,0,0,0,0,0,0,0,0,
S3,Mix,Fall2013,10/12/13,110,0,10,0,ND,NA,ND,ND,NA,NA,NA,NA,8,NA,11,NA,NA,NA,NA,NA,NA,NA,ND,ND,ND,ND,ND,ND,ND,ND,ND,ND,ND,ND,ND,ND,ND,0,0,0,10,0,5,0,0,0,0,0,0,0,
S4,Mix,Fall2013,10/13/13,0,13,ND,0,ND,NA,ND,ND,51,88,NA,NA,NA,NA,NA,NA,NA,NA,NA,NA,NA,NA,ND,ND,ND,ND,ND,ND,ND,ND,ND,ND,ND,ND,ND,ND,ND,75,0,0,0,0,0,0,0,0,0,0,0,0,
S4,Mix,Fall2013,10/13/13,10,8,ND,1,ND,NA,ND,ND,44,90,NA,NA,NA,NA,NA,NA,NA,NA,NA,NA,NA,NA,ND,ND,ND,ND,ND,ND,ND,ND,ND,ND,ND,ND,ND,ND,ND,75,0,0,2,0,0,0,0,0,0,0,0,0,
S4,Mix,Fall2013,10/13/13,20,0,0,0,ND,NA,ND,ND,NA,NA,NA,NA,NA,NA,NA,NA,NA,NA,NA,NA,NA,NA,ND,ND,ND,ND,ND,ND,ND,ND,ND,ND,ND,ND,ND,ND,ND,0,0,0,0,0,0,0,0,0,0,0,0,0,
S4,Mix,Fall2013,10/13/13,30,5,0,0,ND,NA,ND,ND,35,92,NA,35,35,NA,NA,NA,NA,NA,NA,NA,NA,NA,ND,ND,ND,ND,ND,ND,ND,ND,ND,ND,ND,ND,ND,ND,ND,70,0,15,0,0,0,0,0,0,0,0,0,0,
S4,Mix,Fall2013,10/13/13,40,9,0,0,ND,NA,ND,ND,48.5,56.5,NA,31.5,49,NA,NA,NA,NA,NA,NA,NA,NA,NA,ND,ND,ND,ND,ND,ND,ND,ND,ND,ND,ND,ND,ND,ND,ND,20,0,10,15,0,0,0,0,0,0,0,0,0,
S4,Mix,Fall2013,10/13/13,50,8,0,0,ND,NA,ND,ND,42,119,NA,44,NA,NA,NA,NA,NA,NA,NA,NA,NA,NA,ND,ND,ND,ND,ND,ND,ND,ND,ND,ND,ND,ND,ND,ND,ND,80,0,5,0,0,0,0,0,0,0,0,0,0,
S4,Mix,Fall2013,10/13/13,60,8,0,0,ND,NA,ND,ND,37.5,86,NA,37,NA,NA,NA,NA,NA,NA,NA,NA,NA,NA,ND,ND,ND,ND,ND,ND,ND,ND,ND,ND,ND,ND,ND,ND,ND,80,0,5,0,0,0,0,0,0,0,0,0,0,
S4,Mix,Fall2013,10/13/13,70,9,ND,0,ND,NA,ND,ND,32.5,45.5,59,43,38,NA,NA,NA,NA,NA,NA,NA,NA,NA,ND,ND,ND,ND,ND,ND,ND,ND,ND,ND,ND,ND,ND,ND,ND,5,10,10,60,0,0,0,0,0,0,0,0,0,
S4,Mix,Fall2013,10/13/13,80,8,ND,0,ND,NA,ND,ND,33,62,50,32.5,NA,NA,NA,NA,NA,NA,NA,NA,NA,NA,ND,ND,ND,ND,ND,ND,ND,ND,ND,ND,ND,ND,ND,ND,ND,25,1,40,0,0,0,0,0,0,0,0,0,0,
S4,Mix,Fall2013,10/13/13,90,2,0,0,ND,NA,ND,ND,40.5,131.5,56,41,50,NA,NA,NA,NA,NA,NA,NA,NA,NA,ND,ND,ND,ND,ND,ND,ND,ND,ND,ND,ND,ND,ND,ND,ND,70,3,5,5,0,0,0,0,0,0,0,0,0,
S4,Mix,Fall2013,10/13/13,100,4,0,0,ND,NA,ND,ND,42,104.5,52.5,27.5,38,NA,NA,NA,NA,NA,NA,NA,NA,NA,ND,ND,ND,ND,ND,ND,ND,ND,ND,ND,ND,ND,ND,ND,ND,60,1,15,5,0,0,0,0,0,0,0,0,0,
S4,Mix,Fall2013,10/13/13,110,6,0,0,ND,NA,ND,ND,30,54.5,51.5,29,36,NA,NA,NA,NA,NA,NA,NA,NA,NA,ND,ND,ND,ND,ND,ND,ND,ND,ND,ND,ND,ND,ND,ND,ND,10,20,20,15,0,0,0,0,0,0,0,0,0,
S4,Mix,Fall2013,10/13/13,120,8,0,0,ND,NA,ND,ND,41,92,31,NA,48,NA,NA,NA,NA,NA,NA,NA,NA,NA,ND,ND,ND,ND,ND,ND,ND,ND,ND,ND,ND,ND,ND,ND,ND,80,1,0,5,0,0,0,0,0,0,0,0,0,
S4,Mix,Fall2013,10/13/13,130,21,0,0,ND,NA,ND,ND,28,NA,NA,NA,NA,NA,NA,NA,NA,NA,NA,NA,NA,NA,ND,ND,ND,ND,ND,ND,ND,ND,ND,ND,ND,ND,ND,ND,ND,0,0,0,0,0,0,0,0,0,0,0,0,0,
S4,Mix,Fall2013,10/13/13,140,8,0,0,ND,NA,ND,ND,44,101,NA,NA,66.5,NA,NA,NA,NA,NA,NA,NA,NA,NA,ND,ND,ND,ND,ND,ND,ND,ND,ND,ND,ND,ND,ND,ND,ND,60,0,0,20,0,0,0,0,0,0,0,0,0,
S4,Mix,Fall2013,10/13/13,150,5,0,0,ND,NA,ND,ND,39,119.5,NA,NA,NA,NA,NA,NA,NA,NA,NA,NA,NA,NA,ND,ND,ND,ND,ND,ND,ND,ND,ND,ND,ND,ND,ND,ND,ND,80,0,0,0,0,0,0,0,0,0,0,0,0,
S4,Mix,Fall2013,10/13/13,160,3,0,0,ND,NA,ND,ND,NA,27,NA,25.5,33,NA,NA,NA,NA,NA,NA,NA,NA,NA,ND,ND,ND,ND,ND,ND,ND,ND,ND,ND,ND,ND,ND,ND,ND,3,0,60,5,0,0,0,0,0,0,0,0,0,
S4,Mix,Fall2013,10/13/13,170,0,1,0,ND,NA,ND,ND,NA,17,NA,13,NA,NA,NA,NA,NA,NA,NA,NA,NA,NA,ND,ND,ND,ND,ND,ND,ND,ND,ND,ND,ND,ND,ND,ND,ND,1,0,30,0,0,0,0,0,0,0,0,0,0,
S4,Mix,Fall2013,10/13/13,180,0,100,0,ND,NA,ND,ND,NA,NA,NA,NA,34,NA,13,NA,28.5,24.5,36,12,NA,NA,ND,ND,ND,ND,ND,ND,ND,ND,ND,ND,ND,ND,ND,ND,ND,1,0,0,30,0,15,0,2,10,2,2,0,0,
S5,Marsh,Fall2013,10/13/13,0,30,ND,0,ND,NA,ND,ND,NA,NA,87,NA,NA,NA,NA,NA,NA,NA,NA,NA,NA,NA,ND,ND,ND,ND,ND,ND,ND,ND,ND,ND,ND,ND,ND,ND,ND,0,30,0,0,0,0,0,0,0,0,0,0,0,
S5,Marsh,Fall2013,10/13/13,10,22,ND,0,ND,NA,ND,ND,NA,NA,62.5,NA,NA,NA,NA,NA,NA,NA,NA,NA,NA,NA,ND,ND,ND,ND,ND,ND,ND,ND,ND,ND,ND,ND,ND,ND,ND,0,50,0,0,0,0,0,0,0,0,0,0,0,
S5,Marsh,Fall2013,10/13/13,20,22,ND,0,ND,NA,ND,ND,NA,NA,64.5,NA,46.5,NA,NA,NA,NA,NA,NA,NA,NA,NA,ND,ND,ND,ND,ND,ND,ND,ND,ND,ND,ND,ND,ND,ND,ND,0,30,0,30,0,0,0,0,0,0,0,0,0,
S5,Marsh,Fall2013,10/13/13,30,17,ND,0,ND,NA,ND,ND,NA,NA,63.5,NA,43.5,NA,NA,NA,NA,NA,NA,NA,NA,NA,ND,ND,ND,ND,ND,ND,ND,ND,ND,ND,ND,ND,ND,ND,ND,0,3,0,85,0,0,0,0,0,0,0,0,0,
S5,Marsh,Fall2013,10/13/13,40,19,ND,0,ND,NA,ND,ND,NA,NA,81.5,NA,52,NA,NA,NA,NA,NA,NA,NA,NA,NA,ND,ND,ND,ND,ND,ND,ND,ND,ND,ND,ND,ND,ND,ND,ND,0,5,0,90,0,0,0,0,0,0,0,0,0,
S5,Marsh,Fall2013,10/13/13,50,26,ND,0,ND,NA,ND,ND,NA,NA,72,NA,NA,NA,NA,NA,NA,NA,NA,NA,NA,NA,ND,ND,ND,ND,ND,ND,ND,ND,ND,ND,ND,ND,ND,ND,ND,0,30,0,0,0,0,0,0,0,0,0,0,0,
S5,Marsh,Fall2013,10/13/13,60,20,ND,0,ND,NA,ND,ND,NA,NA,92.5,NA,41,NA,NA,NA,NA,NA,NA,NA,NA,NA,ND,ND,ND,ND,ND,ND,ND,ND,ND,ND,ND,ND,ND,ND,ND,0,15,0,30,0,0,0,0,0,0,0,0,0,
S5,Marsh,Fall2013,10/13/13,70,15,ND,0,ND,NA,ND,ND,NA,NA,NA,NA,31,NA,NA,NA,NA,NA,NA,NA,NA,NA,ND,ND,ND,ND,ND,ND,ND,ND,ND,ND,ND,ND,ND,ND,ND,0,0,0,95,0,0,0,0,0,0,0,0,0,
S5,Marsh,Fall2013,10/13/13,80,13,ND,0,ND,NA,ND,ND,NA,NA,NA,NA,50,NA,NA,NA,NA,NA,NA,NA,NA,NA,ND,ND,ND,ND,ND,ND,ND,ND,ND,ND,ND,ND,ND,ND,ND,0,0,0,100,0,0,0,0,0,0,0,0,0,
S5,Marsh,Fall2013,10/13/13,90,9,ND,0,ND,NA,ND,ND,NA,NA,NA,53,41.5,NA,NA,NA,NA,NA,NA,NA,NA,NA,ND,ND,ND,ND,ND,ND,ND,ND,ND,ND,ND,ND,ND,ND,ND,0,0,45,45,0,0,0,0,0,0,0,0,0,
S5,Marsh,Fall2013,10/13/13,100,6,ND,0,ND,NA,ND,ND,NA,NA,NA,39.5,NA,NA,NA,NA,NA,NA,NA,NA,NA,NA,ND,ND,ND,ND,ND,ND,ND,ND,ND,ND,ND,ND,ND,ND,ND,0,0,50,0,0,0,0,0,0,0,0,0,0,
S6,Marsh,Fall2013,10/11/13,0,29,ND,0,ND,NA,ND,ND,NA,NA,87,NA,NA,NA,NA,NA,NA,NA,NA,NA,NA,NA,ND,ND,ND,ND,ND,ND,ND,ND,ND,ND,ND,ND,ND,ND,ND,0,15,0,0,0,0,0,0,0,0,0,0,0,
S6,Marsh,Fall2013,10/11/13,10,17,ND,0,ND,NA,ND,ND,NA,NA,73,24,32,NA,NA,NA,NA,NA,NA,NA,NA,NA,ND,ND,ND,ND,ND,ND,ND,ND,ND,ND,ND,ND,ND,ND,ND,0,10,15,65,0,0,0,0,0,0,0,0,0,
S6,Marsh,Fall2013,10/11/13,20,20,ND,0,ND,NA,ND,ND,NA,NA,83.5,20,39.5,NA,NA,NA,NA,33.5,NA,NA,NA,NA,ND,ND,ND,ND,ND,ND,ND,ND,ND,ND,ND,ND,ND,ND,ND,0,1,5,40,0,0,0,0,40,0,0,0,0,
S6,Marsh,Fall2013,10/11/13,30,19,ND,0,ND,NA,ND,ND,NA,NA,NA,NA,34,NA,NA,NA,NA,26.5,NA,NA,NA,NA,ND,ND,ND,ND,ND,ND,ND,ND,ND,ND,ND,ND,ND,ND,ND,0,0,0,90,0,0,0,0,5,0,0,0,0,
S6,Marsh,Fall2013,10/11/13,40,15,ND,0,ND,NA,ND,ND,NA,NA,NA,31,NA,NA,22.5,NA,NA,NA,NA,NA,NA,NA,ND,ND,ND,ND,ND,ND,ND,ND,ND,ND,ND,ND,ND,ND,ND,0,0,60,0,0,35,0,0,0,0,0,0,0,
S6,Marsh,Fall2013,10/11/13,50,12,ND,0,ND,NA,ND,ND,NA,NA,NA,39,NA,NA,34,32.5,NA,NA,NA,NA,NA,NA,ND,ND,ND,ND,ND,ND,ND,ND,ND,ND,ND,ND,ND,ND,ND,0,0,65,0,0,15,2,0,0,0,0,0,0,
S6,Marsh,Fall2013,10/11/13,60,4,ND,0,ND,NA,ND,ND,NA,NA,NA,21,NA,NA,22,NA,NA,NA,NA,NA,NA,NA,ND,ND,ND,ND,ND,ND,ND,ND,ND,ND,ND,ND,ND,ND,ND,0,0,15,0,0,85,0,0,0,0,0,0,0,
S6,Marsh,Fall2013,10/11/13,70,0,ND,0,ND,NA,ND,ND,NA,NA,NA,18,13,NA,20.5,NA,NA,NA,17,NA,NA,NA,ND,ND,ND,ND,ND,ND,ND,ND,ND,ND,ND,ND,ND,ND,ND,0,0,20,5,0,60,0,0,0,2,0,0,0,
S7,Marsh,Fall2013,10/11/13,0,17,ND,0,ND,NA,ND,ND,NA,NA,80.5,NA,NA,NA,NA,NA,NA,NA,NA,NA,NA,NA,ND,ND,ND,ND,ND,ND,ND,ND,ND,ND,ND,ND,ND,ND,ND,0,35,0,0,0,0,0,0,0,0,0,0,0,
S7,Marsh,Fall2013,10/11/13,10,15,ND,0,ND,NA,ND,ND,NA,NA,69.5,NA,58.5,NA,NA,NA,NA,NA,NA,NA,NA,NA,ND,ND,ND,ND,ND,ND,ND,ND,ND,ND,ND,ND,ND,ND,ND,0,20,0,70,0,0,0,0,0,0,0,0,0,
S7,Marsh,Fall2013,10/11/13,20,17,ND,0,ND,NA,ND,ND,NA,NA,60.5,NA,52.5,NA,NA,NA,NA,NA,NA,NA,NA,NA,ND,ND,ND,ND,ND,ND,ND,ND,ND,ND,ND,ND,ND,ND,ND,0,20,0,75,0,0,0,0,0,0,0,0,0,
S7,Marsh,Fall2013,10/11/13,30,18,ND,0,ND,NA,ND,ND,NA,NA,64.5,39,45,NA,NA,NA,NA,NA,NA,NA,NA,NA,ND,ND,ND,ND,ND,ND,ND,ND,ND,ND,ND,ND,ND,ND,ND,0,10,40,40,0,0,0,0,0,0,0,0,0,
S7,Marsh,Fall2013,10/11/13,40,17,0,0,ND,NA,ND,ND,NA,NA,41,NA,NA,NA,NA,NA,NA,NA,NA,NA,NA,NA,ND,ND,ND,ND,ND,ND,ND,ND,ND,ND,ND,ND,ND,ND,ND,0,2,0,0,0,0,0,0,0,0,0,0,0,
S7,Marsh,Fall2013,10/11/13,50,13,0,0,ND,NA,ND,ND,NA,NA,NA,NA,NA,NA,NA,NA,NA,32.5,NA,NA,NA,NA,ND,ND,ND,ND,ND,ND,ND,ND,ND,ND,ND,ND,ND,ND,ND,0,0,0,0,0,0,0,0,2,0,0,0,0,
S7,Marsh,Fall2013,10/11/13,60,13,0,0,ND,NA,ND,ND,NA,NA,NA,NA,NA,NA,NA,NA,NA,25,NA,NA,NA,NA,ND,ND,ND,ND,ND,ND,ND,ND,ND,ND,ND,ND,ND,ND,ND,0,0,0,0,0,0,0,0,2,0,0,0,0,
S7,Marsh,Fall2013,10/11/13,70,11,0,0,ND,NA,ND,ND,NA,NA,NA,30,16,NA,NA,25,NA,34,NA,NA,NA,NA,ND,ND,ND,ND,ND,ND,ND,ND,ND,ND,ND,ND,ND,ND,ND,0,0,20,5,0,0,2,0,40,0,0,0,0,
S7,Marsh,Fall2013,10/11/13,80,0,0,0,ND,NA,ND,ND,NA,NA,NA,8,12.5,NA,20,NA,NA,NA,NA,NA,NA,NA,ND,ND,ND,ND,ND,ND,ND,ND,ND,ND,ND,ND,ND,ND,ND,0,0,15,2,0,25,0,0,0,0,0,0,0,
S8,Marsh,Fall2013,10/10/13,0,19,ND,0,ND,NA,ND,ND,NA,NA,107.5,54,62,NA,NA,NA,46,NA,NA,NA,NA,NA,ND,ND,ND,ND,ND,ND,ND,ND,ND,ND,ND,ND,ND,ND,ND,0,45,10,5,0,0,0,1,0,0,0,0,0,
S8,Marsh,Fall2013,10/10/13,10,12,ND,0,ND,NA,ND,ND,NA,NA,64.5,42,43,NA,NA,43,45,32.5,NA,NA,NA,NA,ND,ND,ND,ND,ND,ND,ND,ND,ND,ND,ND,ND,ND,ND,ND,0,1,90,5,0,0,1,1,1,0,0,0,0,
S8,Marsh,Fall2013,10/10/13,20,12,ND,0,ND,NA,ND,ND,NA,NA,82,47,52.5,NA,NA,57.5,50.5,NA,NA,NA,NA,NA,ND,ND,ND,ND,ND,ND,ND,ND,ND,ND,ND,ND,ND,ND,ND,0,5,70,20,0,0,1,1,0,0,0,0,0,
S8,Marsh,Fall2013,10/10/13,30,13,ND,0,ND,NA,ND,ND,NA,NA,57.5,56.5,49.5,NA,NA,63,NA,56,NA,NA,NA,NA,ND,ND,ND,ND,ND,ND,ND,ND,ND,ND,ND,ND,ND,ND,ND,0,1,75,15,0,0,1,0,1,0,0,0,0,
S8,Marsh,Fall2013,10/10/13,40,10,ND,0,ND,NA,ND,ND,NA,NA,71,40,36,NA,NA,NA,NA,47,NA,NA,NA,NA,ND,ND,ND,ND,ND,ND,ND,ND,ND,ND,ND,ND,ND,ND,ND,0,5,10,15,0,0,0,0,60,0,0,0,0,
S8,Marsh,Fall2013,10/10/13,50,19,ND,0,ND,NA,ND,ND,NA,NA,NA,33,,NA,NA,NA,NA,NA,NA,NA,NA,NA,ND,ND,ND,ND,ND,ND,ND,ND,ND,ND,ND,ND,ND,ND,ND,0,0,2,0,0,0,0,0,0,0,0,0,0,
S8,Marsh,Fall2013,10/10/13,60,16,ND,0,ND,NA,ND,ND,NA,NA,NA,NA,,NA,NA,NA,NA,NA,NA,NA,NA,NA,ND,ND,ND,ND,ND,ND,ND,ND,ND,ND,ND,ND,ND,ND,ND,0,0,0,0,0,0,0,0,0,0,0,0,0,
S8,Marsh,Fall2013,10/10/13,70,13,ND,0,ND,NA,ND,ND,NA,NA,NA,NA,32,NA,NA,NA,NA,50,NA,NA,NA,NA,ND,ND,ND,ND,ND,ND,ND,ND,ND,ND,ND,ND,ND,ND,ND,0,0,0,30,0,0,0,0,60,0,0,0,0,
S8,Marsh,Fall2013,10/10/13,80,13,ND,0,ND,NA,ND,ND,NA,NA,103,25,21,NA,NA,NA,NA,31.5,NA,NA,NA,NA,ND,ND,ND,ND,ND,ND,ND,ND,ND,ND,ND,ND,ND,ND,ND,0,35,10,10,0,0,0,0,10,0,0,0,0,
S8,Marsh,Fall2013,10/10/13,90,10,ND,0,ND,NA,ND,ND,NA,NA,NA,48,40,NA,NA,NA,NA,NA,NA,NA,NA,NA,ND,ND,ND,ND,ND,ND,ND,ND,ND,ND,ND,ND,ND,ND,ND,0,0,10,85,0,0,0,0,0,0,0,0,0,
S8,Marsh,Fall2013,10/10/13,100,10,ND,0,ND,NA,ND,ND,NA,NA,32.5,31,32,NA,NA,NA,NA,NA,NA,NA,NA,NA,ND,ND,ND,ND,ND,ND,ND,ND,ND,ND,ND,ND,ND,ND,ND,0,1,40,50,0,0,0,0,0,0,0,0,0,
S8,Marsh,Fall2013,10/10/13,110,10,ND,0,ND,NA,ND,ND,NA,NA,75,NA,35.5,NA,NA,NA,NA,NA,NA,NA,NA,NA,ND,ND,ND,ND,ND,ND,ND,ND,ND,ND,ND,ND,ND,ND,ND,0,10,0,85,0,0,0,0,0,0,0,0,0,
S8,Marsh,Fall2013,10/10/13,120,8,ND,0,ND,NA,ND,ND,NA,NA,NA,40.5,45,NA,NA,NA,NA,39.5,NA,NA,NA,NA,ND,ND,ND,ND,ND,ND,ND,ND,ND,ND,ND,ND,ND,ND,ND,0,0,35,60,0,0,0,0,1,0,0,0,0,
S8,Marsh,Fall2013,10/10/13,130,0,ND,0,ND,NA,ND,ND,NA,NA,NA,NA,NA,NA,NA,NA,48,49.5,NA,NA,NA,NA,ND,ND,ND,ND,ND,ND,ND,ND,ND,ND,ND,ND,ND,ND,ND,0,0,0,0,0,0,0,10,85,0,0,2,0,
S1,Mix,14-Aug,8/11/14,0,0,0,0,0,NA,ND,ND,NA,58,50,46,28,NA,NA,NA,NA,NA,NA,NA,NA,NA,0,1,60,5,5,0,0,0,0,0,0,0,0,0,0,1,60,5,5,0,0,0,0,0,0,0,0,0,
S1,Mix,14-Aug,8/11/14,10,0,0,0,0,NA,ND,ND,NA,NA,26,20,NA,NA,NA,NA,NA,NA,NA,NA,NA,NA,0,0,1,5,0,0,0,0,0,0,0,0,0,0,0,0,1,5,0,0,0,0,0,0,0,0,0,0,
S1,Mix,14-Aug,8/11/14,20,0,0,0,0,NA,ND,ND,22,50,NA,27,18,NA,NA,NA,NA,NA,NA,NA,NA,NA,1,5,0,30,20,0,0,0,0,0,0,0,0,0,1,5,0,20,15,0,0,0,0,0,0,0,0,0,
S1,Mix,14-Aug,8/11/14,30,0,0,0,0,NA,ND,ND,18,56,NA,23,30,NA,NA,NA,NA,NA,NA,NA,NA,NA,20,5,0,20,20,0,0,0,0,0,0,0,0,0,20,5,0,20,20,0,0,0,0,0,0,0,0,0,
S1,Mix,14-Aug,8/11/14,40,0,0,0,0,NA,ND,ND,41,50,50,22,NA,NA,NA,NA,NA,NA,NA,NA,NA,NA,5,20,10,5,0,0,0,0,0,0,0,0,0,0,5,20,10,5,0,0,0,0,0,0,0,0,0,0,
S1,Mix,14-Aug,8/11/14,50,0,0,0,0,NA,ND,ND,39,108,NA,26,NA,NA,NA,NA,NA,NA,NA,NA,NA,NA,40,50,0,5,0,0,0,0,0,0,0,0,0,0,40,50,0,5,0,0,0,0,0,0,0,0,0,0,
S1,Mix,14-Aug,8/11/14,60,0,0,0,0,NA,ND,ND,30,82,NA,20,21,NA,NA,NA,NA,NA,NA,NA,NA,NA,5,50,0,5,5,0,0,0,0,0,0,0,0,0,5,50,0,5,5,0,0,0,0,0,0,0,0,0,
S1,Mix,14-Aug,8/11/14,70,0,0,0,0,NA,ND,ND,23,53,NA,32,22,NA,NA,NA,NA,NA,NA,NA,NA,NA,1,30,0,60,5,0,0,0,0,0,0,0,0,0,1,15,0,60,5,0,0,0,0,0,0,0,0,0,
S1,Mix,14-Aug,8/11/14,80,2,0,0,0,NA,ND,ND,18,49,45,22,NA,NA,NA,NA,NA,NA,NA,NA,NA,NA,1,5,10,5,0,0,0,0,0,0,0,0,0,0,1,5,10,5,0,0,0,0,0,0,0,0,0,0,
S1,Mix,14-Aug,8/11/14,90,2,0,0,0,NA,ND,ND,NA,NA,66,NA,NA,NA,NA,NA,NA,NA,NA,NA,NA,NA,0,0,30,0,0,0,0,0,0,0,0,0,0,0,0,0,30,0,0,0,0,0,0,0,0,0,0,0,
S1,Mix,14-Aug,8/11/14,100,0,0,0,0,NA,ND,ND,22,44,NA,30,NA,NA,NA,NA,NA,NA,NA,NA,NA,NA,1,5,0,50,0,0,0,0,0,0,0,0,0,0,1,5,0,50,0,0,0,0,0,0,0,0,0,0,
S1,Mix,14-Aug,8/11/14,110,0,0,0,0,NA,ND,ND,NA,NA,NA,NA,NA,NA,NA,NA,NA,NA,NA,NA,NA,NA,0,0,0,0,0,0,0,0,0,0,0,0,0,0,0,0,0,0,0,0,0,0,0,0,0,0,0,0,
S1,Mix,14-Aug,8/11/14,120,0,0,0,0,NA,ND,ND,NA,NA,NA,NA,NA,NA,NA,NA,NA,NA,NA,NA,NA,NA,0,0,0,0,0,0,0,0,0,0,0,0,0,0,0,0,0,0,0,0,0,0,0,0,0,0,0,0,
S1,Mix,14-Aug,8/11/14,130,0,0,0,0,NA,ND,ND,NA,22,NA,18,NA,NA,NA,NA,NA,NA,NA,NA,NA,NA,0,1,0,30,0,0,0,0,0,0,0,0,0,0,0,1,0,30,0,0,0,0,0,0,0,0,0,0,
S2,Mix,14-Aug,8/12/14,0,0,0,0,0,NA,ND,ND,54,94,NA,NA,NA,NA,NA,NA,NA,NA,NA,NA,NA,NA,100,100,0,0,0,0,0,0,0,0,0,0,0,0,100,100,0,0,0,0,0,0,0,0,0,0,0,0,
S2,Mix,14-Aug,8/12/14,10,0,0,0,0,NA,ND,ND,53,122,NA,NA,NA,NA,NA,NA,NA,NA,NA,NA,NA,NA,100,90,0,0,0,0,0,0,0,0,0,0,0,0,100,90,0,0,0,0,0,0,0,0,0,0,0,0,
S2,Mix,14-Aug,8/12/14,20,0,0,0,0,NA,ND,ND,51,NA,NA,NA,NA,NA,NA,NA,NA,NA,NA,NA,NA,NA,40,0,0,0,0,0,0,0,0,0,0,0,0,0,40,0,0,0,0,0,0,0,0,0,0,0,0,0,
S2,Mix,14-Aug,8/12/14,30,0,0,0,0,NA,ND,ND,47,89,NA,NA,NA,NA,NA,NA,NA,NA,NA,NA,NA,NA,90,90,0,0,0,0,0,0,0,0,0,0,0,0,90,90,0,0,0,0,0,0,0,0,0,0,0,0,
S2,Mix,14-Aug,8/12/14,40,0,0,0,0,NA,ND,ND,45,84,NA,NA,NA,NA,NA,NA,NA,NA,NA,NA,NA,NA,100,100,0,0,0,0,0,0,0,0,0,0,0,0,100,100,0,0,0,0,0,0,0,0,0,0,0,0,
S2,Mix,14-Aug,8/12/14,50,0,0,0,0,NA,ND,ND,34,73,61,NA,NA,NA,NA,NA,NA,NA,NA,NA,NA,NA,20,60,60,0,0,0,0,0,0,0,0,0,0,0,20,40,40,0,0,0,0,0,0,0,0,0,0,0,
S2,Mix,14-Aug,8/12/14,60,0,0,0,0,NA,ND,ND,33,60,53,NA,NA,NA,NA,NA,NA,NA,NA,NA,NA,NA,10,30,30,0,0,0,0,0,0,0,0,0,0,0,10,10,20,0,0,0,0,0,0,0,0,0,0,0,
S2,Mix,14-Aug,8/12/14,70,0,0,0,0,NA,ND,ND,NA,24,NA,12,16,NA,NA,NA,NA,NA,NA,NA,NA,NA,0,1,0,70,1,0,0,0,0,0,0,0,0,0,0,1,0,70,1,0,0,0,0,0,0,0,0,0,
S3,Mix,14-Aug,8/12/14,0,7,0,0,0,NA,ND,ND,45,102,63,NA,NA,NA,NA,NA,NA,NA,NA,NA,NA,NA,70,70,10,0,0,0,0,0,0,0,0,0,0,0,70,70,10,0,0,0,0,0,0,0,0,0,0,0,
S3,Mix,14-Aug,8/12/14,10,5,0,0,0,NA,ND,ND,39,98,NA,NA,NA,NA,NA,NA,NA,NA,NA,NA,NA,NA,60,70,0,0,0,0,0,0,0,0,0,0,0,0,60,70,0,0,0,0,0,0,0,0,0,0,0,0,
S3,Mix,14-Aug,8/12/14,20,16,0,0,0,NA,ND,ND,NA,NA,NA,NA,NA,NA,NA,NA,NA,NA,NA,NA,NA,NA,0,0,0,0,0,0,0,0,0,0,0,0,0,0,0,0,0,0,0,0,0,0,0,0,0,0,0,0,
S3,Mix,14-Aug,8/12/14,30,0,0,0,0,NA,ND,ND,40,96,NA,NA,NA,NA,NA,NA,NA,NA,NA,NA,NA,NA,80,100,0,0,0,0,0,0,0,0,0,0,0,0,80,100,0,0,0,0,0,0,0,0,0,0,0,0,
S3,Mix,14-Aug,8/12/14,40,0,0,0,0,NA,ND,ND,47,67,48,NA,NA,NA,NA,NA,NA,NA,NA,NA,NA,NA,30,40,50,0,0,0,0,0,0,0,0,0,0,0,30,25,50,0,0,0,0,0,0,0,0,0,0,0,
S3,Mix,14-Aug,8/12/14,50,7,0,0,0,NA,ND,ND,6,39,21,NA,NA,NA,NA,NA,NA,NA,NA,NA,NA,NA,5,1,1,0,0,0,0,0,0,0,0,0,0,0,5,1,1,0,0,0,0,0,0,0,0,0,0,0,
S3,Mix,14-Aug,8/12/14,60,0,0,0,0,NA,ND,ND,41,71,69,NA,NA,NA,NA,NA,NA,NA,NA,NA,NA,NA,70,80,30,0,0,0,0,0,0,0,0,0,0,0,70,70,15,0,0,0,0,0,0,0,0,0,0,0,
S3,Mix,14-Aug,8/12/14,70,0,0,0,0,NA,ND,ND,31,61,62,NA,NA,NA,NA,NA,NA,NA,NA,NA,NA,NA,50,50,60,0,0,0,0,0,0,0,0,0,0,0,50,30,25,0,0,0,0,0,0,0,0,0,0,0,
S3,Mix,14-Aug,8/12/14,80,0,0,0,0,NA,ND,ND,33,82,61,NA,NA,NA,NA,NA,NA,NA,NA,NA,NA,NA,60,60,40,0,0,0,0,0,0,0,0,0,0,0,60,35,10,0,0,0,0,0,0,0,0,0,0,0,
S3,Mix,14-Aug,8/12/14,90,0,0,0,0,NA,ND,ND,27,NA,NA,NA,NA,NA,NA,NA,NA,NA,NA,NA,NA,NA,10,0,0,0,0,0,0,0,0,0,0,0,0,0,10,0,0,0,0,0,0,0,0,0,0,0,0,0,
S3,Mix,14-Aug,8/12/14,100,0,0,0,0,NA,ND,ND,13,61,NA,15,NA,NA,NA,NA,NA,NA,NA,NA,NA,NA,50,40,0,70,0,0,0,0,0,0,0,0,0,0,50,25,0,50,0,0,0,0,0,0,0,0,0,0,
S3,Mix,14-Aug,8/12/14,110,0,0,0,0,NA,ND,ND,NA,NA,NA,NA,NA,NA,7,NA,NA,NA,NA,NA,NA,NA,0,0,0,0,0,0,50,0,0,0,0,0,0,0,0,0,0,0,0,0,50,0,0,0,0,0,0,0,Monanthochloe getting buried by sand
S4,Mix,14-Aug,8/15/14,0,0,1,0,0,NA,ND,ND,50,86,NA,NA,NA,NA,NA,NA,NA,NA,NA,NA,NA,NA,60,60,0,0,0,0,0,0,0,0,0,0,0,0,60,60,0,0,0,0,0,0,0,0,0,0,0,0,
S4,Mix,14-Aug,8/15/14,10,0,4,0,0,NA,ND,ND,42,122,NA,NA,NA,NA,NA,NA,NA,NA,NA,NA,NA,NA,100,100,0,0,0,0,0,0,0,0,0,0,0,0,100,100,0,0,0,0,0,0,0,0,0,0,0,0,
S4,Mix,14-Aug,8/15/14,20,0,0,0,0,NA,ND,ND,NA,NA,NA,NA,NA,NA,NA,NA,NA,NA,NA,NA,NA,NA,0,0,0,0,0,0,0,0,0,0,0,0,0,0,0,0,0,0,0,0,0,0,0,0,0,0,0,0,
S4,Mix,14-Aug,8/15/14,30,0,0,0,0,NA,ND,ND,43,99,NA,37,NA,NA,NA,NA,NA,NA,NA,NA,NA,NA,80,90,0,50,0,0,0,0,0,0,0,0,0,0,80,80,0,20,0,0,0,0,0,0,0,0,0,0,
S4,Mix,14-Aug,8/15/14,40,0,0,0,0,NA,ND,ND,50,66,NA,31,40,NA,NA,NA,NA,NA,NA,NA,NA,NA,100,40,0,20,20,0,0,0,0,0,0,0,0,0,100,30,0,20,20,0,0,0,0,0,0,0,0,0,
S4,Mix,14-Aug,8/15/14,50,0,0,0,0,NA,ND,ND,36,103,NA,35,41,NA,NA,NA,NA,NA,NA,NA,NA,NA,100,80,0,50,30,0,0,0,0,0,0,0,0,0,100,50,0,20,30,0,0,0,0,0,0,0,0,0,
S4,Mix,14-Aug,8/15/14,60,0,0,0,0,NA,ND,ND,35,125,NA,50,NA,NA,NA,NA,NA,NA,NA,NA,NA,NA,100,100,0,50,0,0,0,0,0,0,0,0,0,0,100,70,0,20,0,0,0,0,0,0,0,0,0,0,
S4,Mix,14-Aug,8/15/14,70,0,0,0,0,NA,ND,ND,39,77,57,34,40,NA,NA,NA,NA,NA,NA,NA,NA,NA,80,60,20,40,10,0,0,0,0,0,0,0,0,0,80,50,20,20,10,0,0,0,0,0,0,0,0,0,
S4,Mix,14-Aug,8/15/14,80,0,0,0,0,NA,ND,ND,42,126,NA,38,40,NA,NA,NA,NA,NA,NA,NA,NA,NA,100,80,0,10,10,0,0,0,0,0,0,0,0,0,100,70,0,10,10,0,0,0,0,0,0,0,0,0,
S4,Mix,14-Aug,8/15/14,90,0,0,0,0,NA,ND,ND,39,91,NA,37,NA,NA,NA,NA,NA,NA,NA,NA,NA,NA,100,50,0,40,0,0,0,0,0,0,0,0,0,0,100,50,0,25,0,0,0,0,0,0,0,0,0,0,
S4,Mix,14-Aug,8/15/14,100,0,0,0,0,NA,ND,ND,34,95,NA,40,NA,NA,NA,NA,NA,NA,NA,NA,NA,NA,100,100,0,10,0,0,0,0,0,0,0,0,0,0,100,90,0,10,0,0,0,0,0,0,0,0,0,0,
S4,Mix,14-Aug,8/15/14,110,0,0,0,0,NA,ND,ND,29,75,43,33,NA,NA,NA,NA,NA,NA,NA,NA,NA,NA,60,60,40,30,0,0,0,0,0,0,0,0,0,0,60,50,40,25,0,0,0,0,0,0,0,0,0,0,
S4,Mix,14-Aug,8/15/14,120,0,0,0,0,NA,ND,ND,48,95,38,NA,34,NA,NA,NA,NA,NA,NA,NA,NA,NA,100,90,1,0,5,0,0,0,0,0,0,0,0,0,100,80,1,0,5,0,0,0,0,0,0,0,0,0,
S4,Mix,14-Aug,8/15/14,130,0,0,0,0,NA,ND,ND,39,70,60,NA,NA,NA,NA,NA,NA,NA,NA,NA,NA,NA,70,50,5,0,0,0,0,0,0,0,0,0,0,0,70,50,5,0,0,0,0,0,0,0,0,0,0,0,
S4,Mix,14-Aug,8/15/14,140,0,0,0,0,NA,ND,ND,50,112,52,NA,NA,NA,NA,NA,NA,NA,NA,NA,NA,NA,100,90,5,0,0,0,0,0,0,0,0,0,0,0,100,90,5,0,0,0,0,0,0,0,0,0,0,0,
S4,Mix,14-Aug,8/15/14,150,0,3,0,0,NA,ND,ND,37,97,NA,NA,NA,NA,NA,NA,NA,NA,NA,NA,NA,NA,100,100,0,0,0,0,0,0,0,0,0,0,0,0,100,100,0,0,0,0,0,0,0,0,0,0,0,0,
S4,Mix,14-Aug,8/15/14,160,0,20,0,0,NA,ND,ND,33,26,NA,23,29,NA,NA,NA,NA,NA,NA,NA,NA,NA,5,20,0,90,40,0,0,0,0,0,0,0,0,0,5,10,0,65,10,0,0,0,0,0,0,0,0,0,
S4,Mix,14-Aug,8/15/14,170,0,2,0,0,NA,ND,ND,NA,NA,NA,12,NA,NA,NA,NA,NA,NA,NA,NA,NA,NA,0,0,0,40,0,0,0,0,0,0,0,0,0,0,0,0,0,25,0,0,0,0,0,0,0,0,0,0,
S4,Mix,14-Aug,8/15/14,180,0,20,0,0,NA,ND,ND,NA,25,NA,12,13,NA,13,NA,NA,NA,29,NA,NA,NA,0,10,0,10,5,0,20,0,0,0,20,0,0,0,0,5,0,10,5,0,20,0,0,0,20,0,0,0,Seems to be in a different spot than in 2012-2013 (transect is longer)
S5,Marsh,14-Aug,8/14/14,0,0,0,0,0,NA,ND,ND,NA,NA,91,NA,NA,NA,NA,NA,NA,NA,NA,NA,NA,NA,0,0,50,0,0,0,0,0,0,0,0,0,0,0,0,0,50,0,0,0,0,0,0,0,0,0,0,0,
S5,Marsh,14-Aug,8/14/14,10,0,0,0,0,NA,ND,ND,NA,NA,66,NA,32,NA,NA,NA,NA,NA,NA,NA,NA,NA,0,0,60,0,20,0,0,0,0,0,0,0,0,0,0,0,60,0,5,0,0,0,0,0,0,0,0,0,
S5,Marsh,14-Aug,8/14/14,20,0,0,0,0,NA,ND,ND,NA,NA,70,NA,NA,NA,NA,NA,NA,NA,NA,NA,NA,NA,0,0,30,0,0,0,0,0,0,0,0,0,0,0,0,0,30,0,0,0,0,0,0,0,0,0,0,0,
S5,Marsh,14-Aug,8/14/14,30,0,0,0,0,NA,ND,ND,NA,NA,65,NA,46,NA,NA,NA,NA,NA,NA,NA,NA,NA,0,0,70,0,40,0,0,0,0,0,0,0,0,0,0,0,70,0,30,0,0,0,0,0,0,0,0,0,
S5,Marsh,14-Aug,8/14/14,40,0,0,0,0,NA,ND,ND,NA,NA,69,NA,36,NA,NA,NA,NA,NA,NA,NA,NA,NA,0,0,30,0,70,0,0,0,0,0,0,0,0,0,0,0,20,0,70,0,0,0,0,0,0,0,0,0,
S5,Marsh,14-Aug,8/14/14,50,0,0,0,0,NA,ND,ND,NA,NA,57,NA,44,NA,NA,NA,NA,NA,NA,NA,NA,NA,0,0,10,0,90,0,0,0,0,0,0,0,0,0,0,0,10,0,90,0,0,0,0,0,0,0,0,0,
S5,Marsh,14-Aug,8/14/14,60,0,0,0,0,NA,ND,ND,NA,NA,48,NA,39,NA,NA,NA,NA,NA,NA,NA,NA,NA,0,0,10,0,70,0,0,0,0,0,0,0,0,0,0,0,10,0,70,0,0,0,0,0,0,0,0,0,
S5,Marsh,14-Aug,8/14/14,70,0,0,0,0,NA,ND,ND,NA,NA,NA,39,31,NA,NA,NA,NA,NA,NA,NA,NA,NA,0,0,0,80,40,0,0,0,0,0,0,0,0,0,0,0,0,70,25,0,0,0,0,0,0,0,0,0,
S5,Marsh,14-Aug,8/14/14,80,0,0,0,0,NA,ND,ND,NA,NA,NA,36,28,NA,NA,NA,NA,NA,NA,NA,NA,NA,0,0,0,60,20,0,0,0,0,0,0,0,0,0,0,0,0,70,20,0,0,0,0,0,0,0,0,0,
S5,Marsh,14-Aug,8/14/14,90,0,0,0,0,NA,ND,ND,NA,NA,NA,42,44,NA,NA,NA,34,NA,NA,NA,NA,NA,0,0,0,40,10,0,0,0,1,0,0,0,0,0,0,0,0,50,10,0,0,0,1,0,0,0,0,0,
S5,Marsh,14-Aug,8/14/14,100,0,0,0,0,NA,ND,ND,NA,NA,NA,50,NA,NA,NA,NA,30,NA,NA,NA,NA,NA,0,0,0,50,0,0,0,0,1,0,0,0,0,0,0,0,0,90,0,0,0,0,1,0,0,0,0,0,
S6,Marsh,14-Aug,8/14/14,0,1,0,0,0,NA,ND,ND,NA,NA,83,NA,NA,NA,NA,NA,NA,NA,NA,NA,NA,NA,0,0,20,0,0,0,0,0,0,0,0,0,0,0,0,0,10,0,0,0,0,0,0,0,0,0,0,0,
S6,Marsh,14-Aug,8/14/14,10,0,0,0,0,NA,ND,ND,NA,NA,59,NA,NA,NA,NA,NA,NA,NA,NA,NA,NA,NA,0,0,30,0,0,0,0,0,0,0,0,0,0,0,0,0,20,0,0,0,0,0,0,0,0,0,0,0,
S6,Marsh,14-Aug,8/14/14,20,0,0,0,0,NA,ND,ND,NA,NA,53,28,18,NA,NA,NA,NA,NA,NA,NA,NA,NA,0,0,50,5,5,0,0,0,0,0,0,0,0,0,0,0,70,5,5,0,0,0,0,0,0,0,0,0,
S6,Marsh,14-Aug,8/14/14,30,0,0,0,0,NA,ND,ND,NA,NA,NA,24,26,NA,NA,NA,NA,26,NA,NA,NA,NA,0,0,0,50,10,0,0,0,0,100,0,0,0,0,0,0,0,30,10,0,0,0,0,60,0,0,0,0,
S6,Marsh,14-Aug,8/14/14,40,0,0,0,0,NA,ND,ND,NA,NA,NA,22,18,NA,22,NA,NA,NA,NA,NA,NA,NA,0,0,0,5,1,0,70,0,0,0,0,0,0,0,0,0,0,5,1,0,70,0,0,0,0,0,0,0,
S6,Marsh,14-Aug,8/14/14,50,0,0,0,0,NA,ND,ND,NA,NA,NA,32,NA,NA,24,NA,NA,NA,NA,NA,NA,NA,0,0,0,80,0,0,60,0,0,0,0,0,0,0,0,0,0,70,0,0,30,0,0,0,0,0,0,0,
S6,Marsh,14-Aug,8/14/14,60,0,0,0,0,NA,ND,ND,NA,NA,NA,20,NA,NA,21,NA,NA,NA,NA,NA,NA,NA,0,0,0,20,0,0,90,0,0,0,0,0,0,0,0,0,0,10,0,0,90,0,0,0,0,0,0,0,
S6,Marsh,14-Aug,8/14/14,70,0,0,0,0,NA,ND,ND,NA,NA,NA,29,20,NA,20,NA,NA,NA,NA,NA,NA,NA,0,0,0,10,15,0,70,0,0,0,0,0,0,0,0,0,0,5,10,0,60,0,0,0,0,0,0,0,
S7,Marsh,14-Aug,8/14/14,0,0,0,0,0,NA,ND,ND,NA,NA,53,NA,NA,NA,NA,NA,NA,NA,NA,NA,NA,NA,0,0,30,0,0,0,0,0,0,0,0,0,0,0,0,0,30,0,0,0,0,0,0,0,0,0,0,0,
S7,Marsh,14-Aug,8/14/14,10,0,0,0,0,NA,ND,ND,NA,NA,50,NA,53,NA,NA,NA,NA,NA,NA,NA,NA,NA,0,0,20,0,90,0,0,0,0,0,0,0,0,0,0,0,10,0,90,0,0,0,0,0,0,0,0,0,
S7,Marsh,14-Aug,8/14/14,20,0,0,0,0,NA,ND,ND,NA,NA,57,51,49,NA,NA,NA,NA,NA,NA,NA,NA,NA,0,0,40,30,50,0,0,0,0,0,0,0,0,0,0,0,25,25,50,0,0,0,0,0,0,0,0,0,
S7,Marsh,14-Aug,8/14/14,30,0,0,0,0,NA,ND,ND,NA,NA,51,40,50,NA,NA,NA,NA,NA,NA,NA,NA,NA,0,0,10,10,100,0,0,0,0,0,0,0,0,0,0,0,3,5,90,0,0,0,0,0,0,0,0,0,
S7,Marsh,14-Aug,8/14/14,40,0,0,0,0,NA,ND,ND,NA,NA,43,33,37,NA,NA,NA,NA,NA,NA,NA,NA,NA,0,0,40,20,30,0,0,0,0,0,0,0,0,0,0,0,25,10,25,0,0,0,0,0,0,0,0,0,
S7,Marsh,14-Aug,8/14/14,50,0,0,0,0,NA,ND,ND,NA,NA,22,NA,15,NA,NA,NA,NA,NA,NA,NA,NA,NA,0,0,1,0,1,0,0,0,0,0,0,0,0,0,0,0,1,0,1,0,0,0,0,0,0,0,0,0,
S7,Marsh,14-Aug,8/14/14,60,0,0,0,0,NA,ND,ND,NA,NA,NA,NA,13,NA,NA,NA,NA,11,NA,NA,NA,NA,0,0,0,0,1,0,0,0,0,1,0,0,0,0,0,0,0,0,1,0,0,0,0,1,0,0,0,0,
S7,Marsh,14-Aug,8/14/14,70,0,0,0,0,NA,ND,ND,NA,NA,NA,NA,NA,NA,NA,NA,NA,NA,NA,NA,NA,NA,0,0,0,0,0,0,0,0,0,0,0,0,0,0,0,0,0,0,0,0,0,0,0,0,0,0,0,0,
S7,Marsh,14-Aug,8/14/14,80,0,0,0,0,NA,ND,ND,NA,NA,NA,10,18,NA,NA,NA,NA,15,NA,NA,NA,NA,0,0,0,1,10,0,0,0,0,5,0,0,0,0,0,0,0,1,10,0,0,0,0,5,0,0,0,0,
S7,Marsh,14-Aug,8/14/14,90,0,0,0,0,NA,ND,ND,NA,NA,NA,11,12,NA,16,NA,NA,NA,NA,NA,NA,NA,0,0,0,20,10,0,50,0,0,0,0,0,0,0,0,0,0,20,10,0,40,0,0,0,0,0,0,0,
S8,Marsh,14-Aug,8/13/14,0,2,0,0,0,NA,ND,ND,NA,NA,69,NA,NA,NA,NA,NA,NA,NA,NA,NA,NA,NA,0,0,70,0,0,0,0,0,0,0,0,0,0,0,0,0,70,0,0,0,0,0,0,0,0,0,0,0,
S8,Marsh,14-Aug,8/13/14,10,0,1,0,0,NA,ND,ND,NA,NA,NA,26,31,NA,NA,NA,52,NA,NA,NA,NA,NA,0,0,0,100,5,0,0,0,5,0,0,0,0,0,0,0,0,90,5,0,0,0,5,0,0,0,0,0,
S8,Marsh,14-Aug,8/13/14,20,0,0,0,0,NA,ND,ND,NA,NA,73,48,32,NA,NA,NA,38,NA,NA,NA,NA,NA,0,0,5,100,10,0,0,0,1,0,0,0,0,0,0,0,5,90,10,0,0,0,1,0,0,0,0,0,
S8,Marsh,14-Aug,8/13/14,30,0,0,0,0,NA,ND,ND,NA,NA,66,48,47,NA,NA,NA,NA,NA,NA,NA,NA,NA,0,0,30,80,1,0,0,0,0,0,0,0,0,0,0,0,30,65,1,0,0,0,0,0,0,0,0,0,
S8,Marsh,14-Aug,8/13/14,40,0,0,0,0,NA,ND,ND,NA,NA,59,34,41,NA,NA,NA,NA,31,NA,NA,NA,NA,0,0,20,40,40,0,0,0,0,30,0,0,0,0,0,0,15,30,30,0,0,0,0,25,0,0,0,0,
S8,Marsh,14-Aug,8/13/14,50,0,0,0,0,NA,ND,ND,NA,NA,97,NA,22,NA,NA,NA,NA,NA,NA,NA,NA,NA,0,0,30,0,1,0,0,0,0,0,0,0,0,0,0,0,30,0,1,0,0,0,0,0,0,0,0,0,
S8,Marsh,14-Aug,8/13/14,60,0,0,0,0,NA,ND,ND,NA,NA,44,25,26,NA,NA,NA,NA,21,NA,NA,NA,NA,0,0,1,60,5,0,0,0,0,5,0,0,0,0,0,0,1,60,5,0,0,0,0,5,0,0,0,0,
S8,Marsh,14-Aug,8/13/14,70,0,0,0,0,NA,ND,ND,NA,NA,NA,NA,30,NA,NA,NA,NA,33,NA,NA,NA,NA,0,0,0,0,100,0,0,0,0,50,0,0,0,0,0,0,0,0,70,0,0,0,0,30,0,0,0,0,
S8,Marsh,14-Aug,8/13/14,80,0,0,0,0,NA,ND,ND,NA,NA,51,31,NA,NA,NA,NA,NA,35,NA,NA,NA,NA,0,0,80,20,0,0,0,0,0,5,0,0,0,0,0,0,60,20,0,0,0,0,0,5,0,0,0,0,
S8,Marsh,14-Aug,8/13/14,90,0,0,0,0,NA,ND,ND,NA,NA,30,38,NA,NA,NA,NA,NA,NA,NA,NA,NA,NA,0,0,0,60,50,0,0,0,0,0,0,0,0,0,0,0,0,50,25,0,0,0,0,0,0,0,0,0,
S8,Marsh,14-Aug,8/13/14,100,0,0,0,0,NA,ND,ND,NA,NA,53,39,31,NA,NA,NA,NA,NA,NA,NA,NA,NA,0,0,40,80,40,0,0,0,0,0,0,0,0,0,0,0,10,75,15,0,0,0,0,0,0,0,0,0,
S8,Marsh,14-Aug,8/13/14,110,0,0,0,0,NA,ND,ND,NA,NA,52,NA,42,NA,NA,NA,NA,NA,NA,NA,NA,NA,0,0,40,0,100,0,0,0,0,0,0,0,0,0,0,0,15,0,85,0,0,0,0,0,0,0,0,0,
S8,Marsh,14-Aug,8/13/14,120,0,0,0,0,NA,ND,ND,NA,NA,42,28,24,NA,NA,NA,NA,NA,NA,NA,NA,NA,0,0,1,10,90,0,0,0,0,0,0,0,0,0,0,0,1,10,85,0,0,0,0,0,0,0,0,0,
S8,Marsh,14-Aug,8/13/14,130,0,0,0,0,NA,ND,ND,NA,NA,NA,50,35,NA,NA,NA,30,NA,NA,NA,NA,NA,0,0,0,100,80,0,0,0,1,0,0,0,0,0,0,0,0,65,30,0,0,0,1,0,0,0,0,0,
S9,Mix,14-Aug,8/15/14,0,0,3,0,0,NA,ND,ND,48,82,55,NA,NA,NA,NA,NA,NA,NA,NA,NA,NA,NA,70,70,5,0,0,0,0,0,0,0,0,0,0,0,70,70,5,0,0,0,0,0,0,0,0,0,0,0,
S9,Mix,14-Aug,8/15/14,10,0,0,0,0,NA,ND,ND,35,101,NA,42,46,NA,NA,NA,NA,NA,NA,NA,NA,NA,90,100,0,20,5,0,0,0,0,0,0,0,0,0,90,85,0,10,5,0,0,0,0,0,0,0,0,0,
S9,Mix,14-Aug,8/15/14,20,0,0,1,0,NA,ND,ND,46,76,NA,NA,NA,NA,NA,NA,NA,NA,NA,NA,NA,NA,70,60,0,0,0,0,0,0,0,0,0,0,0,0,70,50,0,0,0,0,0,0,0,0,0,0,0,0,
S9,Mix,14-Aug,8/15/14,30,0,0,0,0,NA,ND,ND,51,134,NA,NA,NA,NA,NA,NA,NA,NA,NA,NA,NA,NA,100,100,0,0,0,0,0,0,0,0,0,0,0,0,100,100,0,0,0,0,0,0,0,0,0,0,0,0,
S9,Mix,14-Aug,8/15/14,40,6,0,0,0,NA,ND,ND,50,69,27,NA,NA,NA,NA,NA,NA,NA,NA,NA,NA,NA,70,20,1,0,0,0,0,0,0,0,0,0,0,0,70,20,1,0,0,0,0,0,0,0,0,0,0,0,
S9,Mix,14-Aug,8/15/14,50,0,0,0,0,NA,ND,ND,43,139,NA,25,NA,NA,NA,NA,NA,NA,NA,NA,NA,NA,100,80,0,1,0,0,0,0,0,0,0,0,0,0,100,70,0,1,0,0,0,0,0,0,0,0,0,0,
S9,Mix,14-Aug,8/15/14,60,0,0,0,0,NA,ND,ND,43,74,NA,30,37,NA,NA,NA,NA,NA,NA,NA,NA,NA,90,80,0,20,10,0,0,0,0,0,0,0,0,0,90,60,0,10,5,0,0,0,0,0,0,0,0,0,
S9,Mix,14-Aug,8/15/14,70,0,0,0,0,NA,ND,ND,33,67,NA,36,27,NA,NA,NA,NA,NA,NA,NA,NA,NA,60,30,0,30,30,0,0,0,0,0,0,0,0,0,60,25,0,45,25,0,0,0,0,0,0,0,0,0,
S9,Mix,14-Aug,8/15/14,80,0,4,0,0,NA,ND,ND,NA,31,NA,21,22,NA,NA,NA,NA,NA,NA,NA,NA,NA,0,5,0,70,0,0,0,0,0,0,0,0,0,0,0,5,0,65,5,0,0,0,0,0,0,0,0,0,
S9,Mix,14-Aug,8/15/14,90,0,3,0,0,NA,ND,ND,NA,16,NA,NA,28,NA,NA,NA,NA,NA,NA,NA,NA,NA,0,1,0,0,90,0,0,0,0,0,0,0,0,0,0,1,0,0,70,0,0,0,0,0,0,0,0,0,
S9,Mix,14-Aug,8/15/14,95,0,0,0,0,NA,ND,ND,NA,NA,NA,NA,22,NA,NA,NA,NA,NA,NA,NA,NA,NA,0,0,0,0,20,0,0,0,0,0,0,0,0,0,0,0,0,0,10,0,0,0,0,0,0,0,0,0,
S9,Mix,14-Aug,8/15/14,100,0,0,0,0,NA,ND,ND,NA,NA,NA,NA,11,NA,NA,NA,NA,NA,NA,NA,NA,NA,0,0,0,0,5,0,0,0,0,0,0,0,0,0,0,0,0,0,2,0,0,0,0,0,0,0,0,0,
S10,Marsh,14-Aug,8/15/14,0,21,0,6,0,NA,ND,ND,NA,NA,66,NA,40,NA,NA,NA,NA,NA,NA,NA,NA,NA,0,0,50,0,20,0,0,0,0,0,0,0,0,0,0,0,50,0,20,0,0,0,0,0,0,0,0,0,
S10,Marsh,14-Aug,8/15/14,10,0,0,0,0,NA,ND,ND,NA,NA,48,36,43,NA,NA,NA,NA,NA,NA,NA,NA,NA,0,0,5,1,100,0,0,0,0,0,0,0,0,0,0,0,5,1,90,0,0,0,0,0,0,0,0,0,
S10,Marsh,14-Aug,8/15/14,20,0,0,0,0,NA,ND,ND,NA,NA,48,40,37,NA,NA,NA,NA,NA,NA,NA,NA,NA,0,0,20,10,90,0,0,0,0,0,0,0,0,0,0,0,10,5,85,0,0,0,0,0,0,0,0,0,
S10,Marsh,14-Aug,8/15/14,30,0,0,0,0,NA,ND,ND,NA,NA,48,31,34,NA,NA,NA,NA,NA,NA,NA,NA,NA,0,0,5,10,90,0,0,0,0,0,0,0,0,0,0,0,5,10,85,0,0,0,0,0,0,0,0,0,
S10,Marsh,14-Aug,8/15/14,40,0,0,0,0,NA,ND,ND,NA,NA,45,NA,NA,NA,NA,NA,NA,NA,NA,NA,NA,NA,0,0,70,0,0,0,0,0,0,0,0,0,0,0,0,0,60,0,0,0,0,0,0,0,0,0,0,0,
S10,Marsh,14-Aug,8/15/14,50,0,0,0,0,NA,ND,ND,NA,NA,34,30,36,NA,NA,NA,NA,NA,NA,NA,NA,NA,0,0,40,20,70,0,0,0,0,0,0,0,0,0,0,0,30,10,60,0,0,0,0,0,0,0,0,0,
S10,Marsh,14-Aug,8/15/14,60,0,0,0,0,NA,ND,ND,NA,NA,33,NA,31,NA,NA,NA,NA,NA,NA,NA,NA,NA,0,0,60,0,10,0,0,0,0,0,0,0,0,0,0,0,50,0,10,0,0,0,0,0,0,0,0,0,
S10,Marsh,14-Aug,8/15/14,70,0,0,0,0,NA,ND,ND,NA,NA,37,NA,NA,NA,NA,NA,NA,NA,NA,NA,NA,NA,0,0,30,0,0,0,0,0,0,0,0,0,0,0,0,0,30,0,0,0,0,0,0,0,0,0,0,0,
S10,Marsh,14-Aug,8/15/14,80,0,0,0,0,NA,ND,ND,NA,NA,45,NA,NA,NA,NA,NA,NA,NA,NA,NA,NA,NA,0,0,60,0,0,0,0,0,0,0,0,0,0,0,0,0,60,0,0,0,0,0,0,0,0,0,0,0,
S10,Marsh,14-Aug,8/15/14,90,0,0,0,0,NA,ND,ND,NA,NA,60,13,27,NA,NA,NA,NA,NA,NA,NA,NA,NA,0,0,20,1,80,0,0,0,0,0,0,0,0,0,0,0,5,1,70,0,0,0,0,0,0,0,0,0,
S1,Mix,15-Aug,7/31/15,0,6,1,0,0,NA,ND,ND,11,56,67,37,37,NA,NA,NA,NA,NA,NA,NA,NA,NA,5,5,5,30,90,0,0,0,0,0,0,0,0,0,5,10,5,20,50,0,0,0,0,0,0,0,0,0,
S1,Mix,15-Aug,7/31/15,10,0,0,0,0,NA,ND,ND,24,NA,74,30,17,NA,NA,NA,NA,NA,NA,NA,NA,NA,5,0,10,30,5,0,0,0,0,0,0,0,0,0,5,0,5,20,2,0,0,0,0,0,0,0,0,0,
S1,Mix,15-Aug,7/31/15,20,0,0,0,0,NA,ND,ND,20,30,NA,34,34,NA,NA,NA,NA,NA,NA,NA,NA,NA,10,5,0,50,20,0,0,0,0,0,0,0,0,0,10,5,0,45,10,0,0,0,0,0,0,0,0,0,
S1,Mix,15-Aug,7/31/15,30,0,0,0,0,NA,ND,ND,42,65,NA,33,39,NA,NA,NA,NA,NA,NA,NA,NA,NA,50,30,0,40,30,0,0,0,0,0,0,0,0,0,50,30,0,35,25,0,0,0,0,0,0,0,0,0,
S1,Mix,15-Aug,7/31/15,40,0,0,0,0,NA,ND,ND,38,92,81,48,NA,NA,NA,NA,NA,NA,NA,NA,NA,NA,100,100,1,1,0,0,0,0,0,0,0,0,0,0,100,95,1,1,0,0,0,0,0,0,0,0,0,0,
S1,Mix,15-Aug,7/31/15,50,0,0,0,0,NA,ND,ND,35,73,NA,47,NA,NA,NA,NA,NA,NA,NA,NA,NA,NA,100,100,0,10,0,0,0,0,0,0,0,0,0,0,100,95,0,5,0,0,0,0,0,0,0,0,0,0,
S1,Mix,15-Aug,7/31/15,60,0,0,0,0,NA,ND,ND,30,33,NA,21,26,NA,NA,NA,NA,NA,NA,NA,NA,NA,70,1,0,5,10,0,0,0,0,0,0,0,0,0,70,1,0,5,10,0,0,0,0,0,0,0,0,0,
S1,Mix,15-Aug,7/31/15,70,0,0,0,0,NA,ND,ND,37,64,77,35,NA,NA,NA,NA,NA,NA,NA,NA,NA,NA,90,50,1,70,0,0,0,0,0,0,0,0,0,0,90,50,1,45,0,0,0,0,0,0,0,0,0,0,
S1,Mix,15-Aug,7/31/15,80,5,0,0,0,NA,ND,ND,13,40,64,NA,NA,NA,NA,NA,NA,NA,NA,NA,NA,NA,1,5,5,0,0,0,0,0,0,0,0,0,0,0,1,5,5,0,0,0,0,0,0,0,0,0,0,0,
S1,Mix,15-Aug,7/31/15,90,6,0,0,0,NA,ND,ND,NA,NA,NA,NA,NA,NA,NA,NA,NA,NA,NA,NA,NA,NA,0,0,0,0,0,0,0,0,0,0,0,0,0,0,0,0,0,0,0,0,0,0,0,0,0,0,0,0,
S1,Mix,15-Aug,7/31/15,100,0,0,0,0,NA,ND,ND,26,48,NA,37,NA,NA,NA,NA,NA,NA,NA,NA,NA,NA,10,30,0,80,0,0,0,0,0,0,0,0,0,0,10,30,0,60,0,0,0,0,0,0,0,0,0,0,
S1,Mix,15-Aug,7/31/15,110,0,0,0,0,NA,ND,ND,34,52,79,NA,NA,NA,NA,NA,NA,NA,NA,NA,NA,NA,20,20,20,0,0,0,0,0,0,0,0,0,0,0,20,20,10,0,0,0,0,0,0,0,0,0,0,0,
S1,Mix,15-Aug,7/31/15,120,3,0,0,0,NA,ND,ND,21,,84,NA,26,NA,NA,NA,NA,NA,NA,NA,NA,NA,5,0,40,0,10,0,0,0,0,0,0,0,0,0,5,0,30,0,10,0,0,0,0,0,0,0,0,0,
S1,Mix,15-Aug,7/31/15,130,0,0,0,0,NA,ND,ND,NA,NA,NA,18,NA,NA,NA,NA,NA,NA,NA,NA,NA,NA,0,0,0,10,0,0,0,0,0,0,0,0,0,0,0,0,0,10,0,0,0,0,0,0,0,0,0,0,
S2,Mix,15-Aug,7/31/15,0,17,NA,0,0,NA,ND,ND,47,90,69,NA,NA,NA,NA,NA,NA,NA,NA,NA,NA,NA,20,40,5,0,0,0,0,0,0,0,0,0,0,0,20,30,5,0,0,0,0,0,0,0,0,0,0,0,
S2,Mix,15-Aug,7/31/15,10,0,0,0,0,NA,ND,ND,47,106,NA,NA,NA,NA,NA,NA,NA,NA,NA,NA,NA,NA,100,90,0,0,0,0,0,0,0,0,0,0,0,0,100,90,0,0,0,0,0,0,0,0,0,0,0,0,
S2,Mix,15-Aug,7/31/15,20,1,0,0,0,NA,ND,ND,48,NA,NA,NA,NA,NA,NA,NA,NA,NA,NA,NA,NA,NA,70,0,0,0,0,0,0,0,0,0,0,0,0,0,70,0,0,0,0,0,0,0,0,0,0,0,0,0,
S2,Mix,15-Aug,7/31/15,30,5,0,0,0,NA,ND,ND,46,98,NA,NA,NA,NA,NA,NA,NA,NA,NA,NA,NA,NA,100,100,0,0,0,0,0,0,0,0,0,0,0,0,100,100,0,0,0,0,0,0,0,0,0,0,0,0,
S2,Mix,15-Aug,7/31/15,40,1,0,0,0,NA,ND,ND,34,92,NA,NA,NA,NA,NA,NA,NA,NA,NA,NA,NA,NA,100,100,0,0,0,0,0,0,0,0,0,0,0,0,100,100,0,0,0,0,0,0,0,0,0,0,0,0,
S2,Mix,15-Aug,7/31/15,50,2,0,0,0,NA,ND,ND,42,85,74,NA,NA,NA,NA,NA,NA,NA,NA,NA,NA,NA,60,60,10,0,0,0,0,0,0,0,0,0,0,0,60,60,10,0,0,0,0,0,0,0,0,0,0,0,
S2,Mix,15-Aug,7/31/15,60,0,0,0,0,NA,ND,ND,33,66,77,NA,NA,NA,NA,NA,NA,NA,NA,NA,NA,NA,80,80,40,0,0,0,0,0,0,0,0,0,0,0,80,65,15,0,0,0,0,0,0,0,0,0,0,0,
S2,Mix,15-Aug,7/31/15,70,0,10,0,0,NA,ND,ND,NA,NA,NA,19,NA,NA,NA,NA,NA,NA,NA,NA,NA,NA,0,0,0,20,0,0,0,0,0,0,0,0,0,0,0,0,0,10,0,0,0,0,0,0,0,0,0,0,
S3,Mix,15-Aug,7/31/15,0,22,NA,0,0,NA,ND,ND,47,92,NA,NA,NA,NA,NA,NA,NA,NA,NA,NA,NA,NA,50,50,0,0,0,0,0,0,0,0,0,0,0,0,50,35,0,0,0,0,0,0,0,0,0,0,0,0,
S3,Mix,15-Aug,7/31/15,10,4,0,0,0,NA,ND,ND,48,109,NA,NA,NA,NA,NA,NA,NA,NA,NA,NA,NA,NA,100,100,0,0,0,0,0,0,0,0,0,0,0,0,100,100,0,0,0,0,0,0,0,0,0,0,0,0,
S3,Mix,15-Aug,7/31/15,20,24,NA,0,0,NA,ND,ND,NA,NA,NA,NA,NA,NA,NA,NA,NA,NA,NA,NA,NA,NA,0,0,0,0,0,0,0,0,0,0,0,0,0,0,0,0,0,0,0,0,0,0,0,0,0,0,0,0,
S3,Mix,15-Aug,7/31/15,30,2,0,0,0,NA,ND,ND,55,100,NA,NA,NA,NA,NA,NA,NA,NA,NA,NA,NA,NA,100,100,0,0,0,0,0,0,0,0,0,0,0,0,100,100,0,0,0,0,0,0,0,0,0,0,0,0,
S3,Mix,15-Aug,7/31/15,40,3,0,0,0,NA,ND,ND,45,101,108,NA,NA,NA,NA,NA,NA,NA,NA,NA,NA,NA,70,90,30,0,0,0,0,0,0,0,0,0,0,0,70,60,15,0,0,0,0,0,0,0,0,0,0,0,
S3,Mix,15-Aug,7/31/15,50,15,0,0,0,NA,ND,ND,54,55,63,NA,NA,NA,NA,NA,NA,NA,NA,NA,NA,NA,20,10,5,0,0,0,0,0,0,0,0,0,0,0,20,5,1,0,0,0,0,0,0,0,0,0,0,0,
S3,Mix,15-Aug,7/31/15,60,7,0,0,0,NA,ND,ND,42,55,64,NA,NA,NA,NA,NA,NA,NA,NA,NA,NA,NA,10,10,10,0,0,0,0,0,0,0,0,0,0,0,10,5,2,0,0,0,0,0,0,0,0,0,0,0,
S3,Mix,15-Aug,7/31/15,70,3,0,0,0,NA,ND,ND,20,50,67,NA,NA,NA,NA,NA,NA,NA,NA,NA,NA,NA,5,5,20,0,0,0,0,0,0,0,0,0,0,0,5,5,5,0,0,0,0,0,0,0,0,0,0,0,
S3,Mix,15-Aug,7/31/15,80,17,0,0,0,NA,ND,ND,NA,NA,NA,NA,NA,NA,NA,NA,NA,NA,NA,NA,NA,NA,0,0,0,0,0,0,0,0,0,0,0,0,0,0,0,0,0,0,0,0,0,0,0,0,0,0,0,0,
S3,Mix,15-Aug,7/31/15,90,5,0,0,0,NA,ND,ND,48,90,73,NA,NA,NA,NA,NA,NA,NA,NA,NA,NA,NA,70,80,5,0,0,0,0,0,0,0,0,0,0,0,70,80,2,0,0,0,0,0,0,0,0,0,0,0,
S3,Mix,15-Aug,7/31/15,100,0,20,0,0,NA,ND,ND,NA,14,NA,20,NA,NA,NA,NA,NA,NA,NA,NA,NA,NA,0,10,0,90,0,0,0,0,0,0,0,0,0,0,0,3,0,70,0,0,0,0,0,0,0,0,0,0,
S3,Mix,15-Aug,7/31/15,110,0,10,0,0,NA,ND,ND,NA,NA,NA,15,21,NA,14,NA,NA,NA,NA,NA,NA,NA,0,0,0,10,70,0,5,0,0,0,0,0,0,0,0,0,0,5,40,0,5,0,0,0,0,0,0,0,
S4,Mix,15-Aug,8/1/15,0,24,NA,0,0,NA,ND,ND,49,123,NA,NA,NA,NA,NA,NA,NA,NA,NA,NA,NA,NA,90,100,0,0,0,0,0,0,0,0,0,0,0,0,90,100,0,0,0,0,0,0,0,0,0,0,0,0,
S4,Mix,15-Aug,8/1/15,10,22,NA,0,0,NA,ND,ND,31,NA,NA,NA,NA,NA,NA,NA,NA,NA,NA,NA,NA,NA,5,0,0,0,0,0,0,0,0,0,0,0,0,0,5,0,0,0,0,0,0,0,0,0,0,0,0,0,
S4,Mix,15-Aug,8/1/15,20,0,5,0,0,NA,ND,ND,20,62,NA,36,49,NA,21,NA,NA,NA,NA,NA,NA,NA,20,80,0,40,20,0,10,0,0,0,0,0,0,0,20,70,0,20,5,0,10,0,0,0,0,0,0,0,
S4,Mix,15-Aug,8/1/15,30,0,10,0,0,NA,ND,ND,21,41,80,38,41,NA,NA,NA,NA,NA,NA,NA,NA,NA,5,10,5,90,10,0,0,0,0,0,0,0,0,0,5,10,5,60,10,0,0,0,0,0,0,0,0,0,
S4,Mix,15-Aug,8/1/15,40,0,5,0,0,NA,ND,ND,34,99,89,53,49,NA,NA,NA,NA,NA,NA,NA,NA,NA,100,100,1,20,1,0,0,0,0,0,0,0,0,0,100,80,1,10,1,0,0,0,0,0,0,0,0,0,
S4,Mix,15-Aug,8/1/15,50,0,0,0,0,NA,ND,ND,39,91,76,34,51,NA,NA,NA,NA,NA,NA,NA,NA,NA,60,50,5,5,40,0,0,0,0,0,0,0,0,0,60,50,5,5,40,0,0,0,0,0,0,0,0,0,
S4,Mix,15-Aug,8/1/15,60,0,0,0,0,NA,ND,ND,30,61,,41,NA,NA,NA,NA,NA,NA,NA,NA,NA,NA,60,40,0,30,0,0,0,0,0,0,0,0,0,0,60,40,0,30,0,0,0,0,0,0,0,0,0,0,
S4,Mix,15-Aug,8/1/15,70,0,0,0,0,NA,ND,ND,28,37,66,42,40,NA,NA,NA,NA,NA,NA,NA,NA,NA,20,5,20,90,10,0,0,0,0,0,0,0,0,0,20,5,10,75,5,0,0,0,0,0,0,0,0,0,
S4,Mix,15-Aug,8/1/15,80,0,0,0,0,NA,ND,ND,43,90,76,39,24,NA,NA,NA,NA,NA,NA,NA,NA,NA,70,70,5,30,1,0,0,0,0,0,0,0,0,0,70,65,5,15,1,0,0,0,0,0,0,0,0,0,
S4,Mix,15-Aug,8/1/15,90,0,0,0,0,NA,ND,ND,48,95,68,35,49,NA,NA,NA,NA,NA,NA,NA,NA,NA,80,80,1,20,10,0,0,0,0,0,0,0,0,0,80,65,1,10,5,0,0,0,0,0,0,0,0,0,
S4,Mix,15-Aug,8/1/15,100,0,1,0,0,NA,ND,ND,31,83,NA,39,46,NA,NA,NA,NA,NA,NA,NA,NA,NA,70,40,0,70,40,0,0,0,0,0,0,0,0,0,70,20,0,50,30,0,0,0,0,0,0,0,0,0,
S4,Mix,15-Aug,8/1/15,110,0,0,0,0,NA,ND,ND,25,46,NA,30,35,NA,NA,NA,NA,NA,NA,NA,NA,NA,20,20,0,90,10,0,0,0,0,0,0,0,0,0,20,10,0,80,5,0,0,0,0,0,0,0,0,0,
S4,Mix,15-Aug,8/1/15,120,0,0,0,0,NA,ND,ND,38,115,NA,43,NA,NA,NA,NA,NA,NA,NA,NA,NA,NA,100,90,0,5,0,0,0,0,0,0,0,0,0,0,100,90,0,5,0,0,0,0,0,0,0,0,0,0,
S4,Mix,15-Aug,8/1/15,130,0,1,0,0,NA,ND,ND,56,85,NA,NA,NA,NA,NA,NA,NA,NA,NA,NA,NA,NA,90,70,0,0,0,0,0,0,0,0,0,0,0,0,90,50,0,0,0,0,0,0,0,0,0,0,0,0,
S4,Mix,15-Aug,8/1/15,140,0,0,0,0,NA,ND,ND,45,84,62,NA,NA,NA,NA,NA,NA,NA,NA,NA,NA,NA,100,90,1,0,0,0,0,0,0,0,0,0,0,0,100,90,1,0,0,0,0,0,0,0,0,0,0,0,
S4,Mix,15-Aug,8/1/15,150,0,0,0,0,NA,ND,ND,40,109,NA,NA,NA,NA,NA,NA,NA,NA,NA,NA,NA,NA,100,100,0,0,0,0,0,0,0,0,0,0,0,0,100,100,0,0,0,0,0,0,0,0,0,0,0,0,
S4,Mix,15-Aug,8/1/15,160,0,1,0,0,NA,ND,ND,28,71,NA,45,46,NA,NA,NA,NA,NA,NA,NA,NA,NA,50,70,0,70,50,0,0,0,0,0,0,0,0,0,50,60,0,25,15,0,0,0,0,0,0,0,0,0,
S4,Mix,15-Aug,8/1/15,170,0,5,0,0,NA,ND,ND,NA,NA,NA,NA,NA,NA,NA,NA,NA,NA,NA,NA,NA,NA,0,0,0,0,0,0,0,0,0,0,0,0,0,0,0,0,0,0,0,0,0,0,0,0,0,0,0,0,
S4,Mix,15-Aug,8/1/15,180,0,10,0,0,NA,ND,ND,18,93,NA,30,15,NA,21,NA,NA,NA,NA,NA,NA,NA,40,80,0,40,1,0,1,0,0,0,0,0,0,0,40,80,0,15,1,0,1,0,0,0,0,0,0,0,
S5,Marsh,15-Aug,8/3/15,0,5,NA,0,0,NA,ND,ND,NA,NA,161,NA,NA,NA,NA,NA,NA,NA,NA,NA,NA,NA,0,0,100,0,0,0,0,0,0,0,0,0,0,0,0,0,100,0,0,0,0,0,0,0,0,0,0,0,
S5,Marsh,15-Aug,8/3/15,10,0,0,0,0,NA,ND,ND,NA,NA,NA,NA,59,NA,NA,NA,NA,NA,NA,NA,NA,NA,0,0,0,0,100,0,0,0,0,0,0,0,0,0,0,0,0,0,100,0,0,0,0,0,0,0,0,0,
S5,Marsh,15-Aug,8/3/15,20,2,0,0,0,NA,ND,ND,NA,NA,NA,NA,55,NA,NA,NA,NA,NA,NA,NA,NA,NA,0,0,0,0,100,0,0,0,0,0,0,0,0,0,0,0,1,0,95,0,0,0,0,0,0,0,0,0,
S5,Marsh,15-Aug,8/3/15,30,0,0,0,0,NA,ND,ND,NA,NA,NA,47,53,47,NA,NA,NA,NA,NA,NA,NA,NA,0,0,0,30,100,5,0,0,0,0,0,0,0,0,0,0,0,15,90,1,0,0,0,0,0,0,0,0,
S5,Marsh,15-Aug,8/3/15,40,1,0,0,0,NA,ND,ND,NA,NA,124,NA,53,86,NA,NA,NA,NA,NA,NA,NA,NA,0,0,10,0,100,30,0,0,0,0,0,0,0,0,0,0,5,0,90,5,0,0,0,0,0,0,0,0,
S5,Marsh,15-Aug,8/3/15,50,0,0,0,0,NA,ND,ND,NA,NA,156,NA,57,81,NA,NA,NA,NA,NA,NA,NA,NA,0,0,50,0,90,5,0,0,0,0,0,0,0,0,0,0,15,0,80,5,0,0,0,0,0,0,0,0,
S5,Marsh,15-Aug,8/3/15,60,0,0,0,0,NA,ND,ND,NA,NA,165,NA,51,NA,NA,NA,NA,NA,NA,NA,NA,NA,0,0,60,0,100,0,0,0,0,0,0,0,0,0,0,0,20,0,80,0,0,0,0,0,0,0,0,0,
S5,Marsh,15-Aug,8/3/15,70,0,0,0,0,NA,ND,ND,NA,NA,141,NA,52,NA,NA,NA,NA,NA,NA,NA,NA,NA,0,0,30,0,100,0,0,0,0,0,0,0,0,0,0,0,5,0,95,0,0,0,0,0,0,0,0,0,
S5,Marsh,15-Aug,8/3/15,80,0,0,0,0,NA,ND,ND,NA,NA,NA,NA,52,NA,NA,NA,NA,NA,NA,NA,NA,NA,0,0,0,0,100,0,0,0,0,0,0,0,0,0,0,0,0,0,100,0,0,0,0,0,0,0,0,0,
S5,Marsh,15-Aug,8/3/15,90,0,0,0,0,NA,ND,ND,NA,NA,NA,43,54,NA,NA,NA,NA,NA,NA,NA,NA,NA,0,0,0,90,50,0,0,0,0,0,0,0,0,0,0,0,0,60,40,0,0,0,0,0,0,0,0,0,
S5,Marsh,15-Aug,8/3/15,100,0,0,0,0,NA,ND,ND,NA,NA,NA,54,44,NA,NA,NA,20,NA,NA,NA,NA,NA,0,0,0,90,30,0,0,0,1,0,0,0,0,0,0,0,0,80,15,0,0,0,1,0,0,0,0,0,
S6,Marsh,15-Aug,8/3/15,0,15,NA,0,0,NA,ND,ND,NA,NA,133,NA,NA,NA,NA,NA,NA,NA,NA,NA,NA,NA,0,0,70,0,0,0,0,0,0,0,0,0,0,0,0,0,35,0,0,0,0,0,0,0,0,0,0,0,
S6,Marsh,15-Aug,8/3/15,10,2,0,0,0,NA,ND,ND,NA,NA,92,NA,54,NA,NA,NA,NA,NA,NA,NA,NA,NA,0,0,80,0,100,0,0,0,0,0,0,0,0,0,0,0,25,0,75,0,0,0,0,0,0,0,0,0,
S6,Marsh,15-Aug,8/3/15,20,3,0,0,0,NA,ND,ND,NA,NA,NA,37,NA,NA,NA,NA,NA,54,NA,NA,NA,NA,0,0,0,80,0,0,0,0,0,80,0,0,0,0,0,0,0,50,0,0,0,0,0,40,0,0,0,0,
S6,Marsh,15-Aug,8/3/15,30,0,0,0,0,NA,ND,ND,NA,NA,NA,33,38,NA,NA,NA,NA,47,NA,NA,NA,NA,0,0,0,30,50,0,0,0,0,90,0,0,0,0,0,0,0,10,60,0,0,0,0,60,0,0,0,0,
S6,Marsh,15-Aug,8/3/15,40,0,0,0,0,NA,ND,ND,NA,NA,NA,36,46,NA,28,NA,NA,NA,NA,NA,NA,NA,0,0,0,90,90,0,40,0,0,0,0,0,0,0,0,0,0,40,40,0,20,0,0,0,0,0,0,0,
S6,Marsh,15-Aug,8/3/15,50,0,0,0,0,NA,ND,ND,NA,NA,NA,34,NA,NA,40,NA,NA,NA,NA,NA,NA,NA,0,0,0,70,0,0,100,0,0,0,0,0,0,0,0,0,0,35,0,0,65,0,0,0,0,0,0,0,
S6,Marsh,15-Aug,8/3/15,60,0,0,0,0,NA,ND,ND,NA,NA,NA,26,16,NA,30,NA,NA,NA,NA,NA,NA,NA,0,0,0,20,5,0,90,0,0,0,0,0,0,0,0,0,0,5,1,0,90,0,0,0,0,0,0,0,
S7,Marsh,15-Aug,8/3/15,0,22,0,0,0,NA,ND,ND,NA,NA,117,NA,NA,NA,NA,NA,NA,NA,NA,NA,NA,NA,0,0,70,0,0,0,0,0,0,0,0,0,0,0,0,0,60,0,0,0,0,0,0,0,0,0,0,0,
S7,Marsh,15-Aug,8/3/15,10,0,0,0,0,NA,ND,ND,NA,NA,105,NA,NA,NA,NA,NA,NA,NA,NA,NA,NA,NA,0,0,100,0,0,0,0,0,0,0,0,0,0,0,0,0,100,0,0,0,0,0,0,0,0,0,0,0,
S7,Marsh,15-Aug,8/3/15,20,0,0,0,0,NA,ND,ND,NA,NA,126,30,74,NA,NA,NA,NA,NA,NA,NA,NA,NA,0,0,90,1,90,0,0,0,0,0,0,0,0,0,0,0,40,1,50,0,0,0,0,0,0,0,0,0,
S7,Marsh,15-Aug,8/3/15,30,0,0,0,0,NA,ND,ND,NA,NA,127,57,60,NA,NA,NA,NA,75,NA,NA,NA,NA,0,0,50,40,100,0,0,0,0,40,0,0,0,0,0,0,15,15,50,0,0,0,0,20,0,0,0,0,
S7,Marsh,15-Aug,8/3/15,40,0,0,0,0,NA,ND,ND,NA,NA,126,39,47,NA,NA,NA,NA,NA,NA,NA,NA,NA,0,0,40,40,40,0,0,0,0,0,0,0,0,0,0,0,20,40,40,0,0,0,0,0,0,0,0,0,
S7,Marsh,15-Aug,8/3/15,50,1,0,0,0,NA,ND,ND,NA,NA,76,NA,6,NA,NA,NA,NA,NA,NA,NA,NA,NA,0,0,20,0,5,0,0,0,0,0,0,0,0,0,0,0,20,0,5,0,0,0,0,0,0,0,0,0,
S7,Marsh,15-Aug,8/3/15,60,0,0,0,0,NA,ND,ND,NA,NA,NA,NA,NA,NA,NA,NA,NA,NA,NA,NA,NA,NA,0,0,0,0,0,0,0,0,0,0,0,0,0,0,0,0,0,0,0,0,0,0,0,0,0,0,0,0,
S7,Marsh,15-Aug,8/3/15,70,1,0,0,0,NA,ND,ND,NA,NA,NA,NA,NA,NA,NA,NA,NA,NA,NA,NA,NA,NA,0,0,0,0,0,0,0,0,0,0,0,0,0,0,0,0,0,0,0,0,0,0,0,0,0,0,0,0,
S7,Marsh,15-Aug,8/3/15,80,0,0,0,0,NA,ND,ND,NA,NA,26,38,NA,NA,NA,NA,NA,33,NA,NA,NA,NA,0,0,0,20,50,0,0,0,0,60,0,0,0,0,0,0,0,5,30,0,0,0,0,40,0,0,0,0,
S7,Marsh,15-Aug,8/3/15,90,0,0,0,0,NA,ND,ND,NA,NA,18,25,NA,NA,24,NA,NA,27,NA,NA,NA,NA,0,0,0,40,5,0,40,0,0,5,0,0,0,0,0,0,0,20,5,0,15,0,0,5,0,0,0,0,
S8,Marsh,15-Aug,8/2/15,0,16,NA,0,0,NA,ND,ND,NA,NA,100,NA,NA,NA,NA,NA,NA,NA,NA,NA,NA,NA,0,0,40,0,0,0,0,0,0,0,0,0,0,0,0,0,40,0,0,0,0,0,0,0,0,0,0,0,
S8,Marsh,15-Aug,8/2/15,10,0,0,0,0,NA,ND,ND,NA,NA,143,49,46,NA,NA,NA,30,51,NA,NA,NA,NA,0,0,40,100,30,0,0,0,1,30,0,0,0,0,0,0,15,60,15,0,0,0,1,10,0,0,0,0,
S8,Marsh,15-Aug,8/2/15,20,0,0,0,0,NA,ND,ND,NA,NA,140,54,62,NA,NA,NA,48,NA,NA,NA,NA,NA,0,0,40,80,60,0,0,0,30,0,0,0,0,0,0,0,20,40,35,0,0,0,5,0,0,0,0,0,
S8,Marsh,15-Aug,8/2/15,30,0,0,0,0,NA,ND,ND,NA,NA,146,58,66,NA,NA,53,NA,35,NA,NA,NA,NA,0,0,70,40,40,0,0,1,0,10,0,0,0,0,0,0,30,30,30,0,0,1,0,5,0,0,0,0,
S8,Marsh,15-Aug,8/2/15,40,0,0,0,0,NA,ND,ND,NA,NA,81,56,49,NA,NA,NA,NA,50,NA,NA,NA,NA,0,0,40,40,30,0,0,0,0,80,0,0,0,0,0,0,10,15,10,0,0,0,0,65,0,0,0,0,
S8,Marsh,15-Aug,8/2/15,50,0,0,0,0,NA,ND,ND,NA,NA,99,48,NA,NA,NA,NA,NA,NA,NA,NA,NA,NA,0,0,100,5,0,0,0,0,0,0,0,0,0,0,0,0,90,5,0,0,0,0,0,0,0,0,0,0,
S8,Marsh,15-Aug,8/2/15,60,0,2,0,0,NA,ND,ND,NA,NA,100,NA,NA,NA,NA,NA,NA,52,NA,NA,NA,NA,0,0,80,0,0,0,0,0,0,10,0,0,0,0,0,0,75,0,0,0,0,0,0,5,0,0,0,0,
S8,Marsh,15-Aug,8/2/15,70,0,0,0,0,NA,ND,ND,NA,NA,88,45,53,NA,NA,NA,NA,51,NA,NA,NA,NA,0,0,40,50,70,0,0,0,0,30,0,0,0,0,0,0,10,30,50,0,0,0,0,10,0,0,0,0,
S8,Marsh,15-Aug,8/2/15,80,0,0,0,0,NA,ND,ND,NA,NA,76,40,53,NA,NA,NA,NA,52,NA,NA,NA,NA,0,0,30,70,20,0,0,0,0,90,0,0,0,0,0,0,5,25,5,0,0,0,0,60,0,0,0,0,
S8,Marsh,15-Aug,8/2/15,90,0,0,0,0,NA,ND,ND,NA,NA,145,49,56,NA,NA,NA,NA,55,NA,NA,NA,NA,0,0,40,60,40,0,0,0,0,80,0,0,0,0,0,0,5,30,15,0,0,0,0,50,0,0,0,0,
S8,Marsh,15-Aug,8/2/15,100,0,20,0,0,NA,ND,ND,NA,NA,73,40,48,NA,NA,NA,NA,NA,NA,NA,NA,NA,0,0,30,70,80,0,0,0,0,0,0,0,0,0,0,0,10,40,50,0,0,0,0,0,0,0,0,0,
S8,Marsh,15-Aug,8/2/15,110,0,0,0,0,NA,ND,ND,NA,NA,118,40,52,NA,NA,NA,NA,NA,NA,NA,NA,NA,0,0,60,40,40,0,0,0,0,0,0,0,0,0,0,0,20,15,15,0,0,0,0,0,0,0,0,0,
S8,Marsh,15-Aug,8/2/15,120,0,0,0,0,NA,ND,ND,NA,NA,72,40,54,NA,NA,NA,NA,NA,NA,NA,NA,NA,0,0,5,40,80,0,0,0,0,0,0,0,0,0,0,0,2,30,65,0,0,0,0,0,0,0,0,0,
S8,Marsh,15-Aug,8/2/15,130,0,0,0,0,NA,ND,ND,NA,NA,NA,57,61,NA,NA,45,41,65,NA,NA,NA,NA,0,0,0,50,40,0,0,1,5,40,0,0,0,0,0,0,0,40,20,0,0,1,5,30,0,0,0,0,
S9,Mix,15-Aug,8/1/15,0,13,NA,0,0,NA,ND,ND,53,84,NA,NA,NA,NA,NA,NA,NA,NA,NA,NA,NA,NA,70,40,0,0,0,0,0,0,0,0,0,0,0,0,70,30,0,0,0,0,0,0,0,0,0,0,0,0,
S9,Mix,15-Aug,8/1/15,10,0,NA,0,0,NA,ND,ND,33,83,NA,32,47,NA,NA,NA,NA,NA,NA,NA,NA,NA,40,40,0,30,60,0,0,0,0,0,0,0,0,0,40,15,0,15,30,0,0,0,0,0,0,0,0,0,
S9,Mix,15-Aug,8/1/15,20,16,NA,2,0,NA,ND,ND,48,95,NA,NA,NA,NA,NA,NA,NA,NA,NA,NA,NA,NA,60,50,0,0,0,0,0,0,0,0,0,0,0,0,60,50,0,0,0,0,0,0,0,0,0,0,0,0,
S9,Mix,15-Aug,8/1/15,30,4,0,10,0,NA,ND,ND,60,132,NA,11,NA,NA,NA,NA,NA,NA,NA,NA,NA,NA,100,100,0,1,0,0,0,0,0,0,0,0,0,0,100,90,0,1,0,0,0,0,0,0,0,0,0,0,
S9,Mix,15-Aug,8/1/15,40,3,0,5,0,NA,ND,ND,51,135,NA,NA,NA,NA,NA,NA,NA,NA,NA,NA,NA,NA,100,100,0,0,0,0,0,0,0,0,0,0,0,0,100,100,0,0,0,0,0,0,0,0,0,0,0,0,
S9,Mix,15-Aug,8/1/15,50,1,0,3,0,NA,ND,ND,48,71,NA,36,55,NA,NA,NA,NA,NA,NA,NA,NA,NA,70,50,0,30,70,0,0,0,0,0,0,0,0,0,70,35,0,15,30,0,0,0,0,0,0,0,0,0,
S9,Mix,15-Aug,8/1/15,60,3,0,1,0,NA,ND,ND,40,87,NA,40,47,NA,NA,NA,NA,NA,NA,NA,NA,NA,50,40,0,70,40,0,0,0,0,0,0,0,0,0,50,15,0,35,25,0,0,0,0,0,0,0,0,0,
S9,Mix,15-Aug,8/1/15,70,0,10,0,0,NA,ND,ND,NA,NA,NA,21,39,NA,NA,NA,NA,NA,NA,NA,NA,NA,0,0,0,5,10,0,0,0,0,0,0,0,0,0,0,0,0,1,5,0,0,0,0,0,0,0,0,0,
S9,Mix,15-Aug,8/1/15,80,0,0,0,0,NA,ND,ND,39,101,NA,42,67,NA,NA,NA,NA,NA,NA,NA,NA,NA,100,100,0,20,10,0,0,0,0,0,0,0,0,0,100,85,0,10,5,0,0,0,0,0,0,0,0,0,
S9,Mix,15-Aug,8/1/15,90,0,20,0,0,NA,ND,ND,NA,NA,NA,35,44,NA,NA,NA,NA,NA,NA,NA,NA,NA,0,0,0,50,50,0,0,0,0,0,0,0,0,0,0,0,0,40,40,0,0,0,0,0,0,0,0,0,no picture taken. TC values extrapolated from 2014 pictures and RC values on 2015 field data sheet
S9,Mix,15-Aug,8/1/15,95,0,10,0,0,NA,ND,ND,NA,NA,NA,24,37,NA,NA,NA,NA,NA,NA,NA,NA,NA,0,0,0,30,60,0,0,0,0,0,0,0,0,0,0,0,0,40,35,0,0,0,0,0,0,0,0,0,
S10,Marsh,15-Aug,8/2/15,0,17,0,0,0,NA,ND,ND,NA,NA,32,NA,29,NA,NA,NA,NA,20,NA,NA,NA,NA,0,0,1,0,50,0,0,0,0,5,0,0,0,0,0,0,1,0,65,0,0,0,0,5,0,0,0,0,
S10,Marsh,15-Aug,8/2/15,10,0,0,0,0,NA,ND,ND,NA,NA,80,31,51,NA,NA,NA,NA,NA,NA,NA,NA,NA,0,0,20,1,100,0,0,0,0,0,0,0,0,0,0,0,5,1,90,0,0,0,0,0,0,0,0,0,
S10,Marsh,15-Aug,8/2/15,20,0,0,0,0,NA,ND,ND,NA,NA,97,37,64,NA,NA,NA,NA,NA,NA,NA,NA,NA,0,0,50,20,100,0,0,0,0,0,0,0,0,0,0,0,30,5,65,0,0,0,0,0,0,0,0,0,
S10,Marsh,15-Aug,8/2/15,30,0,0,0,0,NA,ND,ND,NA,NA,93,NA,NA,NA,NA,NA,NA,NA,NA,NA,NA,NA,0,0,90,0,0,0,0,0,0,0,0,0,0,0,0,0,90,0,0,0,0,0,0,0,0,0,0,0,
S10,Marsh,15-Aug,8/2/15,40,0,0,0,0,NA,ND,ND,NA,NA,97,NA,60,NA,NA,NA,NA,NA,NA,NA,NA,NA,0,0,100,0,20,0,0,0,0,0,0,0,0,0,0,0,90,0,10,0,0,0,0,0,0,0,0,0,
S10,Marsh,15-Aug,8/2/15,50,0,0,0,0,NA,ND,ND,NA,NA,86,43,57,NA,NA,NA,NA,NA,NA,NA,NA,NA,0,0,60,30,80,0,0,0,0,0,0,0,0,0,0,0,50,10,40,0,0,0,0,0,0,0,0,0,
S10,Marsh,15-Aug,8/2/15,60,0,0,0,0,NA,ND,ND,NA,NA,95,NA,39,NA,NA,NA,NA,NA,NA,NA,NA,NA,0,0,80,0,40,0,0,0,0,0,0,0,0,0,0,0,60,0,40,0,0,0,0,0,0,0,0,0,
S10,Marsh,15-Aug,8/2/15,70,0,0,0,0,NA,ND,ND,NA,NA,81,NA,NA,NA,NA,NA,NA,NA,NA,NA,NA,NA,0,0,90,0,0,0,0,0,0,0,0,0,0,0,0,0,90,0,0,0,0,0,0,0,0,0,0,0,
S10,Marsh,15-Aug,8/2/15,80,0,0,0,0,NA,ND,ND,NA,NA,81,NA,64,NA,NA,NA,NA,52,NA,NA,NA,NA,0,0,100,0,30,0,0,0,0,20,0,0,0,0,0,0,75,0,15,0,0,0,0,10,0,0,0,0,
S10,Marsh,15-Aug,8/2/15,90,0,0,0,0,NA,ND,ND,NA,NA,86,36,52,NA,NA,NA,NA,51,NA,NA,NA,NA,0,0,70,5,40,0,0,0,0,40,0,0,0,0,0,0,70,5,40,0,0,0,0,25,0,0,0,0,
S1,Mix,17-Nov,11/4/17,0,0,0,0,0,NA,ND,1,19,53,67,NA,NA,NA,NA,NA,NA,NA,NA,NA,NA,NA,ND,ND,ND,ND,ND,ND,ND,ND,ND,ND,ND,ND,ND,ND,8,5,5,0,0,0,0,0,0,0,0,0,0,0,
S1,Mix,17-Nov,11/4/17,10,2,0,0,0,NA,ND,NA,NA,NA,30,NA,NA,NA,NA,NA,NA,NA,NA,NA,NA,NA,ND,ND,ND,ND,ND,ND,ND,ND,ND,ND,ND,ND,ND,ND,0,0,1,0,0,0,0,0,0,0,0,0,0,0,
S1,Mix,17-Nov,11/4/17,20,0,0,0,0,NA,ND,1,38,97,NA,NA,NA,NA,NA,NA,NA,NA,NA,NA,NA,NA,ND,ND,ND,ND,ND,ND,ND,ND,ND,ND,ND,ND,ND,ND,25,60,0,0,0,0,0,0,0,0,0,0,0,0,
S1,Mix,17-Nov,11/4/17,30,0,0,0,0,NA,ND,NA,48,NA,NA,NA,NA,NA,NA,NA,NA,NA,NA,NA,NA,NA,ND,ND,ND,ND,ND,ND,ND,ND,ND,ND,ND,ND,ND,ND,10,0,0,0,0,0,0,0,0,0,0,0,0,0,
S1,Mix,17-Nov,11/4/17,40,0,0,0,0,NA,ND,1,38,80,NA,NA,NA,NA,NA,NA,NA,NA,NA,NA,NA,NA,ND,ND,ND,ND,ND,ND,ND,ND,ND,ND,ND,ND,ND,ND,15,20,0,0,0,0,0,0,0,0,0,0,0,0,
S1,Mix,17-Nov,11/4/17,50,0,0,0,0,NA,ND,1,40,64,NA,NA,NA,NA,NA,NA,NA,NA,NA,NA,NA,NA,ND,ND,ND,ND,ND,ND,ND,ND,ND,ND,ND,ND,ND,ND,10,20,0,0,0,0,0,0,0,0,0,0,0,0,
S1,Mix,17-Nov,11/4/17,60,0,0,0,0,NA,ND,1,48,100,44,NA,NA,NA,NA,NA,NA,NA,NA,NA,NA,NA,ND,ND,ND,ND,ND,ND,ND,ND,ND,ND,ND,ND,ND,ND,15,30,1,0,0,0,0,0,0,0,0,0,0,0,
S1,Mix,17-Nov,11/4/17,70,10,0,0,0,NA,ND,NA,NA,NA,53,NA,NA,NA,NA,NA,NA,NA,NA,NA,NA,NA,ND,ND,ND,ND,ND,ND,ND,ND,ND,ND,ND,ND,ND,ND,0,0,1,0,0,0,0,0,0,0,0,0,0,0,
S1,Mix,17-Nov,11/4/17,80,0,0,0,0,NA,ND,1,8,50,NA,NA,NA,NA,NA,NA,NA,NA,NA,NA,NA,NA,ND,ND,ND,ND,ND,ND,ND,ND,ND,ND,ND,ND,ND,ND,1,1,0,0,0,0,0,0,0,0,0,0,0,0,
S1,Mix,17-Nov,11/4/17,90,11,0,0,0,NA,ND,1,34,50,NA,NA,NA,NA,NA,NA,NA,NA,NA,NA,NA,NA,ND,ND,ND,ND,ND,ND,ND,ND,ND,ND,ND,ND,ND,ND,5,1,0,0,0,0,0,0,0,0,0,0,0,0,
S1,Mix,17-Nov,11/4/17,100,17,0,0,0,NA,ND,NA,NA,NA,NA,NA,NA,NA,NA,NA,NA,NA,NA,NA,NA,NA,ND,ND,ND,ND,ND,ND,ND,ND,ND,ND,ND,ND,ND,ND,0,0,0,0,0,0,0,0,0,0,0,0,0,0,
S1,Mix,17-Nov,11/4/17,110,0,0,0,0,NA,ND,1,18,48,NA,NA,NA,NA,NA,NA,NA,NA,NA,NA,NA,NA,ND,ND,ND,ND,ND,ND,ND,ND,ND,ND,ND,ND,ND,ND,1,5,0,0,0,0,0,0,0,0,0,0,0,0,
S2,Mix,17-Nov,11/4/17,0,19,0,0,0,NA,ND,NA,NA,NA,NA,NA,NA,NA,NA,NA,NA,NA,NA,NA,NA,NA,ND,ND,ND,ND,ND,ND,ND,ND,ND,ND,ND,ND,ND,ND,0,0,0,0,0,0,0,0,0,0,0,0,0,0,
S2,Mix,17-Nov,11/4/17,10,0,0,0,0,NA,ND,1,46,140,NA,NA,NA,NA,NA,NA,NA,NA,NA,NA,NA,NA,ND,ND,ND,ND,ND,ND,ND,ND,ND,ND,ND,ND,ND,ND,35,40,0,0,0,0,0,0,0,0,0,0,0,0,
S2,Mix,17-Nov,11/4/17,20,0,0,0,0,NA,ND,1,39,130,NA,NA,NA,NA,NA,NA,NA,NA,NA,NA,NA,NA,ND,ND,ND,ND,ND,ND,ND,ND,ND,ND,ND,ND,ND,ND,35,45,0,0,0,0,0,0,0,0,0,0,0,0,
S2,Mix,17-Nov,11/4/17,30,0,0,0,0,NA,ND,1,40,105,NA,NA,NA,NA,NA,NA,NA,NA,NA,NA,NA,NA,ND,ND,ND,ND,ND,ND,ND,ND,ND,ND,ND,ND,ND,ND,20,25,0,0,0,0,0,0,0,0,0,0,0,0,
S2,Mix,17-Nov,11/4/17,40,0,0,0,0,NA,ND,1,45,81,NA,NA,NA,NA,NA,NA,NA,NA,NA,NA,NA,NA,ND,ND,ND,ND,ND,ND,ND,ND,ND,ND,ND,ND,ND,ND,30,20,0,0,0,0,0,0,0,0,0,0,0,0,
S2,Mix,17-Nov,11/4/17,50,0,0,0,0,NA,ND,1,41,68,NA,NA,NA,NA,NA,NA,NA,NA,NA,NA,NA,NA,ND,ND,ND,ND,ND,ND,ND,ND,ND,ND,ND,ND,ND,ND,15,10,0,0,0,0,0,0,0,0,0,0,0,0,
S2,Mix,17-Nov,11/4/17,60,0,0,0,0,NA,ND,1,41,75,NA,NA,NA,NA,NA,NA,NA,NA,NA,NA,NA,NA,ND,ND,ND,ND,ND,ND,ND,ND,ND,ND,ND,ND,ND,ND,15,15,0,0,0,0,0,0,0,0,0,0,0,0,
S2,Mix,17-Nov,11/4/17,70,0,0,0,0,NA,ND,1,46,58,NA,NA,NA,NA,NA,NA,NA,NA,NA,NA,NA,NA,ND,ND,ND,ND,ND,ND,ND,ND,ND,ND,ND,ND,ND,ND,10,15,0,0,0,0,0,0,0,0,0,0,0,0,
S3,Mix,17-Nov,11/4/17,0,20,0,0,0,NA,ND,NA,NA,NA,NA,NA,NA,NA,NA,NA,NA,NA,NA,NA,NA,NA,ND,ND,ND,ND,ND,ND,ND,ND,ND,ND,ND,ND,ND,ND,0,0,0,0,0,0,0,0,0,0,0,0,0,0,
S3,Mix,17-Nov,11/4/17,10,22,0,0,0,NA,ND,NA,NA,NA,NA,NA,NA,NA,NA,NA,NA,NA,NA,NA,NA,NA,ND,ND,ND,ND,ND,ND,ND,ND,ND,ND,ND,ND,ND,ND,0,0,0,0,0,0,0,0,0,0,0,0,0,0,
S3,Mix,17-Nov,11/4/17,20,0,0,0,0,NA,ND,1,46,110,NA,NA,NA,NA,NA,NA,NA,NA,NA,NA,NA,NA,ND,ND,ND,ND,ND,ND,ND,ND,ND,ND,ND,ND,ND,ND,35,55,0,0,0,0,0,0,0,0,0,0,0,0,
S3,Mix,17-Nov,11/4/17,30,0,0,0,0,NA,ND,1,46,105,NA,NA,NA,NA,NA,NA,NA,NA,NA,NA,NA,NA,ND,ND,ND,ND,ND,ND,ND,ND,ND,ND,ND,ND,ND,ND,35,40,0,0,0,0,0,0,0,0,0,0,0,0,
S3,Mix,17-Nov,11/4/17,40,20,0,0,0,NA,ND,1,58,75,NA,NA,NA,NA,NA,NA,NA,NA,NA,NA,NA,NA,ND,ND,ND,ND,ND,ND,ND,ND,ND,ND,ND,ND,ND,ND,20,5,0,0,0,0,0,0,0,0,0,0,0,0,
S3,Mix,17-Nov,11/4/17,50,19,0,0,0,NA,ND,1,39,44,NA,NA,NA,NA,NA,NA,NA,NA,NA,NA,NA,NA,ND,ND,ND,ND,ND,ND,ND,ND,ND,ND,ND,ND,ND,ND,15,1,0,0,0,0,0,0,0,0,0,0,0,0,
S3,Mix,17-Nov,11/4/17,60,1,0,0,0,NA,ND,1,51,67,NA,NA,NA,NA,NA,NA,NA,NA,NA,NA,NA,NA,ND,ND,ND,ND,ND,ND,ND,ND,ND,ND,ND,ND,ND,ND,15,30,0,0,0,0,0,0,0,0,0,0,0,0,
S3,Mix,17-Nov,11/4/17,70,18,0,0,0,NA,ND,1,60,78,NA,NA,NA,NA,NA,NA,NA,NA,NA,NA,NA,NA,ND,ND,ND,ND,ND,ND,ND,ND,ND,ND,ND,ND,ND,ND,5,10,0,0,0,0,0,0,0,0,0,0,0,0,
S3,Mix,17-Nov,11/4/17,80,20,0,0,0,NA,ND,1,30,50,NA,NA,NA,NA,NA,NA,NA,NA,NA,NA,NA,NA,ND,ND,ND,ND,ND,ND,ND,ND,ND,ND,ND,ND,ND,ND,1,1,0,0,0,0,0,0,0,0,0,0,0,0,
S3,Mix,17-Nov,11/4/17,90,5,0,0,0,NA,ND,1,51,50,NA,NA,NA,NA,NA,NA,NA,NA,NA,NA,NA,NA,ND,ND,ND,ND,ND,ND,ND,ND,ND,ND,ND,ND,ND,ND,10,1,0,0,0,0,0,0,0,0,0,0,0,0,
S3,Mix,17-Nov,11/4/17,100,9,0,0,0,NA,ND,1,50,48,NA,NA,NA,NA,NA,NA,NA,NA,NA,NA,NA,NA,ND,ND,ND,ND,ND,ND,ND,ND,ND,ND,ND,ND,ND,ND,5,1,0,0,0,0,0,0,0,0,0,0,0,0,
S3,Mix,17-Nov,11/4/17,110,0,0,0,0,NA,ND,1,NA,20,NA,12,NA,NA,24,NA,NA,NA,NA,NA,NA,NA,ND,ND,ND,ND,ND,ND,ND,ND,ND,ND,ND,ND,ND,ND,0,1,0,25,0,0,5,0,0,0,0,0,0,0,
S4,Mix,17-Nov,11/4/17,0,15,ND,ND,0,NA,ND,1,12,42,56,NA,NA,NA,NA,NA,NA,NA,NA,NA,NA,NA,ND,ND,ND,ND,ND,ND,ND,ND,ND,ND,ND,ND,ND,ND,1,1,1,0,0,0,0,0,0,0,0,0,0,0,"no fiddler crab or snail data recorded but there is a note that at the upland station (4) there are ""hundreds of fiddler crabs"". The three upland quad have crab presence noted"
S4,Mix,17-Nov,11/4/17,10,0,ND,ND,0,NA,ND,1,51,130,NA,NA,NA,NA,NA,NA,NA,NA,NA,NA,NA,NA,ND,ND,ND,ND,ND,ND,ND,ND,ND,ND,ND,ND,ND,ND,20,50,0,0,0,0,0,0,0,0,0,0,0,0,
S4,Mix,17-Nov,11/4/17,20,0,ND,ND,0,NA,ND,1,36,120,NA,NA,NA,NA,NA,NA,NA,NA,NA,NA,NA,NA,ND,ND,ND,ND,ND,ND,ND,ND,ND,ND,ND,ND,ND,ND,25,45,0,0,0,0,0,0,0,0,0,0,0,0,
S4,Mix,17-Nov,11/4/17,30,0,ND,ND,0,NA,ND,NA,NA,NA,NA,5,23,NA,NA,NA,NA,NA,NA,NA,NA,NA,ND,ND,ND,ND,ND,ND,ND,ND,ND,ND,ND,ND,ND,ND,0,0,0,5,30,0,0,0,0,0,0,0,0,0,
S4,Mix,17-Nov,11/4/17,40,0,ND,ND,0,NA,ND,NA,NA,NA,NA,NA,NA,NA,NA,NA,NA,NA,NA,NA,NA,NA,ND,ND,ND,ND,ND,ND,ND,ND,ND,ND,ND,ND,ND,ND,0,0,0,0,0,0,0,0,0,0,0,0,0,0,
S4,Mix,17-Nov,11/4/17,50,0,ND,ND,0,NA,ND,1,34,60,NA,28,45,NA,NA,NA,NA,NA,NA,NA,NA,NA,ND,ND,ND,ND,ND,ND,ND,ND,ND,ND,ND,ND,ND,ND,1,40,0,1,5,0,0,0,0,0,0,0,0,0,
S4,Mix,17-Nov,11/4/17,60,2,ND,ND,0,NA,ND,1,33,65,NA,22,NA,NA,NA,NA,NA,NA,NA,NA,NA,NA,ND,ND,ND,ND,ND,ND,ND,ND,ND,ND,ND,ND,ND,ND,1,5,0,5,0,0,0,0,0,0,0,0,0,0,
S4,Mix,17-Nov,11/4/17,70,11,ND,ND,0,NA,ND,NA,40,NA,NA,NA,NA,NA,NA,NA,NA,NA,NA,NA,NA,NA,ND,ND,ND,ND,ND,ND,ND,ND,ND,ND,ND,ND,ND,ND,10,0,0,0,0,0,0,0,0,0,0,0,0,0,
S4,Mix,17-Nov,11/4/17,80,2,ND,ND,0,NA,ND,1,35,138,NA,46,NA,NA,NA,NA,NA,NA,NA,NA,NA,NA,ND,ND,ND,ND,ND,ND,ND,ND,ND,ND,ND,ND,ND,ND,15,40,0,1,0,0,0,0,0,0,0,0,0,0,
S4,Mix,17-Nov,11/4/17,90,0,ND,ND,0,NA,ND,NA,NA,NA,NA,NA,NA,NA,NA,NA,NA,NA,NA,NA,NA,NA,ND,ND,ND,ND,ND,ND,ND,ND,ND,ND,ND,ND,ND,ND,0,0,0,0,0,0,0,0,0,0,0,0,0,0,
S4,Mix,17-Nov,11/4/17,100,0,ND,ND,0,NA,ND,1,33,52,NA,22,NA,NA,NA,NA,NA,NA,NA,NA,NA,NA,ND,ND,ND,ND,ND,ND,ND,ND,ND,ND,ND,ND,ND,ND,5,15,0,30,0,0,0,0,0,0,0,0,0,0,
S4,Mix,17-Nov,11/4/17,110,18,ND,ND,0,NA,ND,NA,NA,NA,NA,NA,NA,NA,NA,NA,NA,NA,NA,NA,NA,NA,ND,ND,ND,ND,ND,ND,ND,ND,ND,ND,ND,ND,ND,ND,0,0,0,0,0,0,0,0,0,0,0,0,0,0,
S4,Mix,17-Nov,11/4/17,120,1,ND,ND,0,NA,ND,1,40,122,NA,NA,NA,NA,NA,NA,NA,NA,NA,NA,NA,NA,ND,ND,ND,ND,ND,ND,ND,ND,ND,ND,ND,ND,ND,ND,25,30,0,0,0,0,0,0,0,0,0,0,0,0,
S4,Mix,17-Nov,11/4/17,130,2,ND,ND,0,NA,ND,1,45,115,NA,NA,NA,NA,NA,NA,NA,NA,NA,NA,NA,NA,ND,ND,ND,ND,ND,ND,ND,ND,ND,ND,ND,ND,ND,ND,25,60,0,0,0,0,0,0,0,0,0,0,0,0,
S4,Mix,17-Nov,11/4/17,140,2,ND,ND,0,NA,ND,1,39,78,NA,NA,NA,NA,NA,NA,NA,NA,NA,NA,NA,NA,ND,ND,ND,ND,ND,ND,ND,ND,ND,ND,ND,ND,ND,ND,35,25,0,0,0,0,0,0,0,0,0,0,0,0,
S4,Mix,17-Nov,11/4/17,150,2,ND,ND,0,NA,ND,NA,NA,NA,NA,NA,NA,NA,NA,NA,NA,NA,NA,NA,NA,NA,ND,ND,ND,ND,ND,ND,ND,ND,ND,ND,ND,ND,ND,ND,0,0,0,0,0,0,0,0,0,0,0,0,0,0,
S4,Mix,17-Nov,11/4/17,160,0,ND,ND,0,NA,ND,1,19,130,NA,NA,NA,NA,NA,NA,NA,NA,NA,NA,NA,NA,ND,ND,ND,ND,ND,ND,ND,ND,ND,ND,ND,ND,ND,ND,20,50,0,0,0,0,0,0,0,0,0,0,0,0,
S5,Marsh,17-Nov,11/3/17,0,0,0,0,0,NA,ND,NA,NA,NA,120,NA,NA,NA,NA,NA,NA,NA,NA,NA,NA,NA,ND,ND,ND,ND,ND,ND,ND,ND,ND,ND,ND,ND,ND,ND,0,0,8,0,0,0,0,0,0,0,0,0,0,0,
S5,Marsh,17-Nov,11/3/17,10,0,0,0,0,NA,ND,NA,NA,NA,91,NA,57,NA,NA,NA,NA,NA,NA,NA,NA,NA,ND,ND,ND,ND,ND,ND,ND,ND,ND,ND,ND,ND,ND,ND,0,0,85,0,10,0,0,0,0,0,0,0,0,0,
S5,Marsh,17-Nov,11/3/17,20,0,0,0,0,NA,ND,NA,NA,NA,115,NA,64,NA,NA,NA,NA,NA,NA,NA,NA,NA,ND,ND,ND,ND,ND,ND,ND,ND,ND,ND,ND,ND,ND,ND,0,0,75,0,2,0,0,0,0,0,0,0,0,0,
S5,Marsh,17-Nov,11/3/17,30,0,0,0,0,NA,ND,NA,NA,NA,98,NA,56,NA,NA,NA,NA,NA,NA,NA,NA,NA,ND,ND,ND,ND,ND,ND,ND,ND,ND,ND,ND,ND,ND,ND,0,0,25,0,10,0,0,0,0,0,0,0,0,0,
S5,Marsh,17-Nov,11/3/17,40,0,0,0,0,NA,ND,NA,NA,NA,102,NA,52,NA,NA,NA,NA,NA,NA,NA,NA,NA,ND,ND,ND,ND,ND,ND,ND,ND,ND,ND,ND,ND,ND,ND,0,0,30,0,3,0,0,0,0,0,0,0,0,0,
S5,Marsh,17-Nov,11/3/17,50,0,0,0,0,NA,ND,NA,NA,NA,80,NA,71,NA,NA,NA,NA,NA,NA,NA,NA,NA,ND,ND,ND,ND,ND,ND,ND,ND,ND,ND,ND,ND,ND,ND,0,0,30,0,50,0,0,0,0,0,0,0,0,0,
S5,Marsh,17-Nov,11/3/17,60,9,0,0,0,NA,ND,NA,NA,NA,120,NA,NA,NA,NA,NA,NA,NA,NA,NA,NA,NA,ND,ND,ND,ND,ND,ND,ND,ND,ND,ND,ND,ND,ND,ND,0,0,8,0,0,0,0,0,0,0,0,0,0,0,
S5,Marsh,17-Nov,11/3/17,70,5,0,0,0,NA,ND,NA,NA,NA,77,NA,55,NA,NA,NA,NA,NA,NA,NA,NA,NA,ND,ND,ND,ND,ND,ND,ND,ND,ND,ND,ND,ND,ND,ND,0,0,30,0,1,0,0,0,0,0,0,0,0,0,
S5,Marsh,17-Nov,11/3/17,80,0,0,0,0,NA,ND,NA,NA,NA,NA,NA,61,NA,NA,NA,NA,NA,NA,NA,NA,NA,ND,ND,ND,ND,ND,ND,ND,ND,ND,ND,ND,ND,ND,ND,0,0,0,0,70,0,0,0,0,0,0,0,0,0,
S5,Marsh,17-Nov,11/3/17,90,0,0,0,0,NA,ND,NA,NA,NA,NA,33,NA,NA,NA,NA,NA,NA,NA,NA,NA,NA,ND,ND,ND,ND,ND,ND,ND,ND,ND,ND,ND,ND,ND,ND,0,0,0,5,0,0,0,0,0,0,0,0,0,0,
S5,Marsh,17-Nov,11/3/17,100,0,0,0,0,NA,ND,NA,NA,NA,NA,NA,NA,NA,NA,NA,NA,NA,NA,NA,NA,NA,ND,ND,ND,ND,ND,ND,ND,ND,ND,ND,ND,ND,ND,ND,0,0,0,0,0,0,0,0,0,0,0,0,0,0,
S6,Marsh,17-Nov,11/3/17,0,10,0,0,5,1,ND,NA,NA,NA,NA,NA,NA,NA,NA,NA,NA,NA,NA,NA,NA,NA,ND,ND,ND,ND,ND,ND,ND,ND,ND,ND,ND,ND,ND,ND,0,0,0,0,0,0,0,0,0,0,0,0,0,0,
S6,Marsh,17-Nov,11/3/17,10,7,0,0,40,1,ND,NA,NA,NA,110,NA,NA,NA,NA,NA,NA,NA,NA,NA,NA,NA,ND,ND,ND,ND,ND,ND,ND,ND,ND,ND,ND,ND,ND,ND,0,0,5,0,0,0,0,0,0,0,0,0,0,0,
S6,Marsh,17-Nov,11/3/17,20,0,0,0,0,NA,ND,NA,NA,NA,95,NA,65,NA,NA,NA,NA,NA,NA,NA,NA,NA,ND,ND,ND,ND,ND,ND,ND,ND,ND,ND,ND,ND,ND,ND,0,0,45,0,5,0,0,0,0,0,0,0,0,0,
S6,Marsh,17-Nov,11/3/17,30,0,0,0,0,NA,ND,NA,NA,NA,79,42,60,NA,NA,NA,NA,NA,NA,NA,NA,NA,ND,ND,ND,ND,ND,ND,ND,ND,ND,ND,ND,ND,ND,ND,0,0,60,1,3,0,0,0,0,0,0,0,0,0,
S6,Marsh,17-Nov,11/3/17,40,0,0,0,0,NA,ND,NA,NA,NA,NA,16,NA,NA,NA,NA,NA,NA,NA,NA,NA,NA,ND,ND,ND,ND,ND,ND,ND,ND,ND,ND,ND,ND,ND,ND,0,0,0,1,0,0,0,0,0,0,0,0,0,0,
S6,Marsh,17-Nov,11/3/17,50,0,0,0,0,NA,ND,NA,NA,NA,NA,34,NA,NA,NA,NA,NA,42,NA,NA,NA,NA,ND,ND,ND,ND,ND,ND,ND,ND,ND,ND,ND,ND,ND,ND,0,0,0,30,0,35,0,0,0,0,0,0,0,0,
S6,Marsh,17-Nov,11/3/17,60,0,0,0,0,NA,ND,NA,NA,NA,NA,43,37,NA,18,NA,NA,45,NA,NA,NA,NA,ND,ND,ND,ND,ND,ND,ND,ND,ND,ND,ND,ND,ND,ND,0,0,0,30,20,25,0,0,0,0,0,0,0,0,
S6,Marsh,17-Nov,11/3/17,70,0,0,0,0,NA,ND,NA,NA,NA,NA,25,30,NA,32,NA,NA,NA,NA,NA,NA,NA,ND,ND,ND,ND,ND,ND,ND,ND,ND,ND,ND,ND,ND,ND,0,0,0,2,1,0,0,0,0,0,0,0,0,0,
S7,Marsh,17-Nov,10/22/17,0,32,ND,0,0,NA,ND,NA,NA,NA,104,41,52,NA,NA,NA,NA,40,NA,NA,NA,NA,ND,ND,ND,ND,ND,ND,ND,ND,ND,ND,ND,ND,ND,ND,0,0,15,3,40,0,0,0,0,1,0,0,0,0,
S7,Marsh,17-Nov,10/22/17,10,28,ND,0,0,NA,ND,NA,NA,NA,64,41,41,NA,NA,NA,NA,49,NA,NA,NA,NA,ND,ND,ND,ND,ND,ND,ND,ND,ND,ND,ND,ND,ND,ND,0,0,1,5,25,0,0,0,0,25,0,0,0,0,
S7,Marsh,17-Nov,10/22/17,20,37,ND,0,25,1,ND,NA,NA,NA,116,48,54,NA,NA,NA,NA,45,NA,NA,NA,NA,ND,ND,ND,ND,ND,ND,ND,ND,ND,ND,ND,ND,ND,ND,0,0,10,3,10,0,0,0,0,5,0,0,0,0,
S7,Marsh,17-Nov,10/22/17,30,43,ND,0,3,1,ND,NA,NA,NA,97,56,NA,NA,NA,NA,NA,53,NA,NA,NA,NA,ND,ND,ND,ND,ND,ND,ND,ND,ND,ND,ND,ND,ND,ND,0,0,15,1,0,0,0,0,0,1,0,0,0,0,
S7,Marsh,17-Nov,10/22/17,40,33,ND,0,0,NA,ND,NA,NA,NA,110,NA,52,NA,NA,NA,NA,68,NA,NA,NA,NA,ND,ND,ND,ND,ND,ND,ND,ND,ND,ND,ND,ND,ND,ND,0,0,30,0,15,0,0,0,0,5,0,0,0,0,
S7,Marsh,17-Nov,10/22/17,50,45,ND,0,0,NA,ND,NA,NA,NA,NA,NA,NA,NA,NA,NA,NA,NA,NA,NA,NA,NA,ND,ND,ND,ND,ND,ND,ND,ND,ND,ND,ND,ND,ND,ND,0,0,0,0,0,0,0,0,0,0,0,0,0,0,
S7,Marsh,17-Nov,10/22/17,60,42,ND,0,0,NA,ND,NA,NA,NA,NA,NA,NA,NA,NA,NA,NA,NA,NA,NA,NA,NA,ND,ND,ND,ND,ND,ND,ND,ND,ND,ND,ND,ND,ND,ND,0,0,0,0,0,0,0,0,0,0,0,0,0,0,
S7,Marsh,17-Nov,10/22/17,70,46,ND,0,0,NA,ND,NA,NA,NA,NA,NA,NA,NA,NA,NA,NA,NA,NA,NA,NA,NA,ND,ND,ND,ND,ND,ND,ND,ND,ND,ND,ND,ND,ND,ND,0,0,0,0,0,0,0,0,0,0,0,0,0,0,
S7,Marsh,17-Nov,10/22/17,80,35,ND,0,0,NA,ND,NA,NA,NA,NA,36,39,NA,NA,NA,NA,57,NA,NA,NA,NA,ND,ND,ND,ND,ND,ND,ND,ND,ND,ND,ND,ND,ND,ND,0,0,0,1,2,0,0,0,0,55,0,0,0,0,
S7,Marsh,17-Nov,10/22/17,90,19,ND,0,0,NA,ND,NA,NA,NA,NA,31,43,NA,29,31,NA,53,NA,NA,NA,NA,ND,ND,ND,ND,ND,ND,ND,ND,ND,ND,ND,ND,ND,ND,0,0,0,3,20,0,20,1,0,15,0,0,0,0,
S9,Mix,17-Nov,11/4/17,0,18,0,0,0,NA,ND,1,15,60,,NA,NA,NA,NA,NA,NA,NA,NA,NA,NA,NA,ND,ND,ND,ND,ND,ND,ND,ND,ND,ND,ND,ND,ND,ND,1,1,0,0,0,0,0,0,0,0,0,0,0,0,
S9,Mix,17-Nov,11/4/17,10,0,0,0,0,NA,ND,1,34,76,,NA,NA,37,NA,NA,NA,NA,42,NA,NA,NA,ND,ND,ND,ND,ND,ND,ND,ND,ND,ND,ND,ND,ND,ND,35,40,0,0,1,0,0,0,0,0,1,0,0,0,
S9,Mix,17-Nov,11/4/17,20,5,0,0,0,NA,ND,1,44,95,,NA,NA,NA,NA,NA,NA,NA,NA,NA,NA,NA,ND,ND,ND,ND,ND,ND,ND,ND,ND,ND,ND,ND,ND,ND,15,30,0,0,0,0,0,0,0,0,0,0,0,0,
S9,Mix,17-Nov,11/4/17,30,0,0,0,0,NA,ND,1,43,110,,NA,NA,NA,NA,NA,NA,NA,NA,NA,NA,NA,ND,ND,ND,ND,ND,ND,ND,ND,ND,ND,ND,ND,ND,ND,40,30,0,0,0,0,0,0,0,0,0,0,0,0,
S9,Mix,17-Nov,11/4/17,40,3,0,0,0,NA,ND,1,50,135,,NA,NA,NA,NA,NA,NA,NA,NA,NA,NA,NA,ND,ND,ND,ND,ND,ND,ND,ND,ND,ND,ND,ND,ND,ND,20,30,0,0,0,0,0,0,0,0,0,0,0,0,
S9,Mix,17-Nov,11/4/17,50,0,0,0,0,NA,ND,1,40,105,,NA,NA,NA,NA,NA,NA,NA,NA,NA,NA,NA,ND,ND,ND,ND,ND,ND,ND,ND,ND,ND,ND,ND,ND,ND,30,50,0,0,0,0,0,0,0,0,0,0,0,0,
S9,Mix,17-Nov,11/4/17,60,0,0,0,0,NA,ND,1,34,87,,NA,NA,NA,NA,NA,NA,NA,NA,NA,NA,NA,ND,ND,ND,ND,ND,ND,ND,ND,ND,ND,ND,ND,ND,ND,30,60,0,0,0,0,0,0,0,0,0,0,0,0,
S9,Mix,17-Nov,11/4/17,70,0,0,0,0,NA,ND,1,35,98,,31,NA,NA,NA,NA,NA,NA,NA,NA,NA,NA,ND,ND,ND,ND,ND,ND,ND,ND,ND,ND,ND,ND,ND,ND,20,45,0,1,0,0,0,0,0,0,0,0,0,0,
S9,Mix,17-Nov,11/4/17,80,0,0,0,0,NA,ND,1,NA,35,,27,NA,NA,NA,NA,NA,NA,NA,NA,NA,NA,ND,ND,ND,ND,ND,ND,ND,ND,ND,ND,ND,ND,ND,ND,0,5,0,40,0,0,0,0,0,0,0,0,0,0,
S9,Mix,17-Nov,11/4/17,90,3,0,0,0,NA,ND,1,33,73,,10,NA,NA,NA,NA,NA,NA,NA,NA,NA,NA,ND,ND,ND,ND,ND,ND,ND,ND,ND,ND,ND,ND,ND,ND,25,20,0,5,0,0,0,0,0,0,0,0,0,0,
S3,Mix,20-Nov,11/16/20,0,5,ND,0,0,NA,ND,1,ND,108,NA,NA,NA,NA,NA,NA,NA,NA,NA,NA,NA,NA,ND,ND,ND,ND,ND,ND,ND,ND,ND,ND,ND,ND,ND,ND,ND,65,0,0,0,0,0,0,0,0,0,0,0,0,
S3,Mix,20-Nov,11/16/20,30,10,ND,0,0,NA,ND,1,ND,117,NA,NA,NA,NA,NA,NA,NA,NA,NA,NA,NA,NA,ND,ND,ND,ND,ND,ND,ND,ND,ND,ND,ND,ND,ND,ND,ND,65,0,0,0,0,0,0,0,0,0,0,0,0,
S3,Mix,20-Nov,11/16/20,50,15,ND,0,0,NA,ND,1,ND,72,NA,NA,NA,NA,NA,NA,NA,NA,NA,NA,NA,NA,ND,ND,ND,ND,ND,ND,ND,ND,ND,ND,ND,ND,ND,ND,ND,80,0,0,0,0,0,0,0,0,0,0,0,0,
S3,Mix,20-Nov,11/16/20,70,10,ND,0,0,NA,ND,1,ND,92,82,NA,NA,NA,NA,NA,NA,NA,NA,NA,NA,NA,ND,ND,ND,ND,ND,ND,ND,ND,ND,ND,ND,ND,ND,ND,ND,20,5,0,0,0,0,0,0,0,0,0,0,0,
S3,Mix,20-Nov,11/16/20,110,0,ND,0,0,NA,ND,1,ND,44,NA,30,43,NA,NA,NA,NA,NA,NA,NA,NA,NA,ND,ND,ND,ND,ND,ND,ND,ND,ND,ND,ND,ND,ND,ND,ND,15,0,25,2,0,0,0,0,0,0,0,0,0,
S4,Mix,20-Nov,11/16/20,0,35,ND,0,0,NA,ND,1,ND,111,110,NA,NA,NA,NA,NA,NA,NA,NA,NA,NA,NA,ND,ND,ND,ND,ND,ND,ND,ND,ND,ND,ND,ND,ND,ND,ND,40,2,0,0,0,0,0,0,0,0,0,0,0,
S4,Mix,20-Nov,11/16/20,20,15,ND,0,0,NA,ND,1,ND,100,NA,NA,NA,NA,NA,NA,NA,NA,NA,NA,NA,NA,ND,ND,ND,ND,ND,ND,ND,ND,ND,ND,ND,ND,ND,ND,ND,65,0,0,0,0,0,0,0,0,0,0,0,0,
S4,Mix,20-Nov,11/16/20,40,5,ND,0,0,NA,ND,1,ND,115,NA,NA,NA,NA,NA,NA,NA,NA,NA,NA,NA,NA,ND,ND,ND,ND,ND,ND,ND,ND,ND,ND,ND,ND,ND,ND,ND,80,0,0,0,0,0,0,0,0,0,0,0,0,
S4,Mix,20-Nov,11/16/20,70,5,ND,0,0,NA,ND,1,ND,124,NA,NA,NA,NA,NA,NA,NA,NA,NA,NA,NA,NA,ND,ND,ND,ND,ND,ND,ND,ND,ND,ND,ND,ND,ND,ND,ND,80,0,0,0,0,0,0,0,0,0,0,0,0,
S4,Mix,20-Nov,11/16/20,100,0,ND,0,0,NA,ND,1,ND,72,NA,43,NA,NA,NA,NA,NA,NA,NA,NA,NA,NA,ND,ND,ND,ND,ND,ND,ND,ND,ND,ND,ND,ND,ND,ND,ND,25,0,65,0,0,0,0,0,0,0,0,0,0,
S9,Mix,20-Nov,11/16/20,0,18,ND,0,0,NA,ND,1,ND,111,NA,NA,NA,NA,NA,NA,NA,NA,NA,NA,NA,NA,ND,ND,ND,ND,ND,ND,ND,ND,ND,ND,ND,ND,ND,ND,ND,50,0,0,0,0,0,0,0,0,0,0,0,0,
S9,Mix,20-Nov,11/16/20,20,12,ND,0,0,NA,ND,1,ND,102,NA,NA,NA,NA,NA,NA,NA,NA,NA,NA,NA,NA,ND,ND,ND,ND,ND,ND,ND,ND,ND,ND,ND,ND,ND,ND,ND,40,0,0,0,0,0,0,0,0,0,0,0,0,
S9,Mix,20-Nov,11/16/20,40,5,ND,0,0,NA,ND,1,ND,107,NA,NA,NA,NA,NA,NA,NA,NA,NA,NA,NA,NA,ND,ND,ND,ND,ND,ND,ND,ND,ND,ND,ND,ND,ND,ND,ND,60,0,0,0,0,0,0,0,0,0,0,0,0,
S9,Mix,20-Nov,11/16/20,70,2,ND,0,0,NA,ND,1,ND,76,NA,NA,NA,NA,NA,NA,NA,NA,NA,NA,NA,NA,ND,ND,ND,ND,ND,ND,ND,ND,ND,ND,ND,ND,ND,ND,ND,85,0,0,0,0,0,0,0,0,0,0,0,0,
S9,Mix,20-Nov,11/16/20,90,5,ND,0,0,NA,ND,1,ND,79,NA,NA,NA,NA,NA,NA,NA,NA,NA,NA,NA,NA,ND,ND,ND,ND,ND,ND,ND,ND,ND,ND,ND,ND,ND,ND,ND,80,0,0,0,0,0,0,0,0,0,0,0,0,""""""